<?xml version="1.0" encoding="UTF-8"?>
<!-- generated: 2008-09-24T14:30:56-07:00 -->
<!-- generated by: shishir [??] -->
<adag xmlns="http://pegasus.isi.edu/schema/DAX" xmlns:xsi="http://www.w3.org/2001/XMLSchema-instance" xsi:schemaLocation="http://pegasus.isi.edu/schema/DAX http://pegasus.isi.edu/schema/dax-2.1.xsd" version="2.1" count="1" index="0" name="test" jobCount="24" fileCount="0" childCount="23">
<!-- part 1: list of all referenced files (may be empty) -->
<!-- part 2: definition of all jobs (at least one) -->
<job id="ID00000" namespace="Genome" name="fastqSplit_chr21" version="1.0" runtime="103.52">
    <uses file="chr210.sfq" link="input" register="true" transfer="true" optional="false" type="data" size="446859355"/>
    <uses file="chr21.0.0.sfq" link="output" register="true" transfer="true" optional="false" type="data" size="85534312"/>
    <uses file="chr21.0.1.sfq" link="output" register="true" transfer="true" optional="false" type="data" size="98262176"/>
    <uses file="chr21.0.2.sfq" link="output" register="true" transfer="true" optional="false" type="data" size="80623179"/>
  </job>
  <job id="ID00001" namespace="Genome" name="filterContams_chr21" version="1.0" runtime="7.01">
    <uses file="chr21.0.0.sfq" link="input" register="true" transfer="true" optional="false" type="data" size="85534312"/>
    <uses file="chr21.0.0.nocontam.sfq" link="output" register="true" transfer="true" optional="false" type="data" size="44066037"/>
    <uses file="chr21.0.0.contam.sfq" link="output" register="true" transfer="true" optional="false" type="data" size="41468275"/>
  </job>
  <job id="ID00002" namespace="Genome" name="filterContams_chr21" version="1.0" runtime="8.23">
    <uses file="chr21.0.1.sfq" link="input" register="true" transfer="true" optional="false" type="data" size="98262176"/>
    <uses file="chr21.0.1.nocontam.sfq" link="output" register="true" transfer="true" optional="false" type="data" size="48142335"/>
    <uses file="chr21.0.1.contam.sfq" link="output" register="true" transfer="true" optional="false" type="data" size="50119841"/>
  </job>
   <job id="ID00003" namespace="Genome" name="sol2sanger_chr21" version="1.0" runtime="2.36">
    <uses file="chr21.0.0.nocontam.sfq" link="input" register="true" transfer="true" optional="false" type="data" size="44066037"/>
    <uses file="chr21.0.0.nocontam.fq" link="output" register="true" transfer="true" optional="false" type="data" size="24613282"/>
  </job>
  <job id="ID00004" namespace="Genome" name="sol2sanger_chr21" version="1.0" runtime="3.54">
    <uses file="chr21.0.1.nocontam.sfq" link="input" register="true" transfer="true" optional="false" type="data" size="48142335"/>
    <uses file="chr21.0.1.nocontam.fq" link="output" register="true" transfer="true" optional="false" type="data" size="44753970"/>
  </job>
   <job id="ID00005" namespace="Genome" name="mapMerge_chr21" version="1.0" runtime="17.23">
    <uses file="chr21.0.0.nocontam.map" link="input" register="true" transfer="true" optional="false" type="data" size="7520348"/>
    <uses file="chr21.0.1.nocontam.map" link="input" register="true" transfer="true" optional="false" type="data" size="11220992"/>
    <uses file="chr21.nocontam.map" link="output" register="true" transfer="true" optional="false" type="data" size="42303358"/>
    <uses file="chr21.nocontam.map.zr" link="output" register="true" transfer="true" optional="false" type="data" size="1594189"/>
    <uses file="chr21.nocontam.map.vm" link="output" register="true" transfer="true" optional="false" type="data" size="173647"/>
  </job>
  <job id="ID00006" namespace="Genome" name="maqindex_chr21" version="1.0" runtime="0.05">
    <uses file="chr21.nocontam.map" link="input" register="true" transfer="true" optional="false" type="data" size="42303358"/>
    <uses file="chr21.nocontam.chr.map" link="output" register="true" transfer="true" optional="false" type="data" size="641552"/>
  </job>
  <!-- part 3: list of control-flow dependencies (may be empty) -->
   <child ref="ID00001">
    <parent ref="ID00000"/>
  </child>
  <child ref="ID00002">
    <parent ref="ID00000"/>
  </child>
  <child ref="ID00003">
    <parent ref="ID00001"/>
  </child>
  <child ref="ID00004">
    <parent ref="ID00002"/>
  </child>
  <child ref="ID00005">
    <parent ref="ID00003"/>
	<parent ref="ID00004"/>
  </child>
  <child ref="ID00006">
    <parent ref="ID00005"/>
  </child>
  </adag>