<?xml version="1.0" encoding="UTF-8"?>
<!-- generated: 2018-01-03T19:39:25+03:30 -->
<!-- generated by: Me [??] -->
<adag xmlns="http://pegasus.isi.edu/schema/DAX" xmlns:xsi="http://www.w3.org/2001/XMLSchema-instance" xsi:schemaLocation="http://pegasus.isi.edu/schema/DAX http://pegasus.isi.edu/schema/dax-2.1.xsd" version="2.1" count="1" index="0" name="test" jobCount="100" fileCount="0" childCount="78">
<!-- part 1: list of all referenced files (may be empty) -->
<!-- part 2: definition of all jobs (at least one) -->
  <job id="ID00000" namespace="LIGO" name="TmpltBank" version="1.0" level="0" runtime="18.38">
    <uses file="H-H1_RDS_L4-875788853-1024.gwf" link="input" register="true" transfer="true" optional="false" type="data" size="15613232"/>
    <uses file="H-CAL_FAC_DARM_ERR_H1_S5_U_060-809009951-315557569.gwf" link="input" register="true" transfer="true" optional="false" type="data" size="8415922"/>
    <uses file="H-H1_RDS_L4-784721292-1024.gwf" link="input" register="true" transfer="true" optional="false" type="data" size="15602293"/>
    <uses file="H-CAL_REF_DARM_ERR_H1_S5_V1-857419168-8.gwf" link="input" register="true" transfer="true" optional="false" type="data" size="902334"/>
    <uses file="H1-TMPLTBANK-819286063-2048.xml" link="output" register="false" transfer="false" optional="false" type="data" size="1007201"/>
  </job>
  <job id="ID00001" namespace="LIGO" name="TmpltBank" version="1.0" level="0" runtime="18.48">
    <uses file="H-H1_RDS_L4-784721293-1024.gwf" link="input" register="true" transfer="true" optional="false" type="data" size="15610326"/>
    <uses file="H-H1_RDS_L4-875788854-1024.gwf" link="input" register="true" transfer="true" optional="false" type="data" size="15568657"/>
    <uses file="H-CAL_FAC_DARM_ERR_H1_S5_U_060-809009951-315557569.gwf" link="input" register="true" transfer="true" optional="false" type="data" size="8415922"/>
    <uses file="H-CAL_REF_DARM_ERR_H1_S5_V1-857419168-8.gwf" link="input" register="true" transfer="true" optional="false" type="data" size="902334"/>
    <uses file="H1-TMPLTBANK-804357501-2048.xml" link="output" register="false" transfer="false" optional="false" type="data" size="996077"/>
  </job>
  <job id="ID00002" namespace="LIGO" name="TmpltBank" version="1.0" level="0" runtime="18.52">
    <uses file="H-H1_RDS_L4-875788855-1024.gwf" link="input" register="true" transfer="true" optional="false" type="data" size="15575112"/>
    <uses file="H-H1_RDS_L4-784721294-1024.gwf" link="input" register="true" transfer="true" optional="false" type="data" size="15644928"/>
    <uses file="H-CAL_FAC_DARM_ERR_H1_S5_U_060-809009951-315557569.gwf" link="input" register="true" transfer="true" optional="false" type="data" size="8415922"/>
    <uses file="H-CAL_REF_DARM_ERR_H1_S5_V1-857419168-8.gwf" link="input" register="true" transfer="true" optional="false" type="data" size="902334"/>
    <uses file="H1-TMPLTBANK-742021250-2048.xml" link="output" register="false" transfer="false" optional="false" type="data" size="1010327"/>
  </job>
  <job id="ID00003" namespace="LIGO" name="TmpltBank" version="1.0" level="0" runtime="18.36">
    <uses file="H-H1_RDS_L4-784721295-1024.gwf" link="input" register="true" transfer="true" optional="false" type="data" size="15629474"/>
    <uses file="H-H1_RDS_L4-875788856-1024.gwf" link="input" register="true" transfer="true" optional="false" type="data" size="15589434"/>
    <uses file="H-CAL_FAC_DARM_ERR_H1_S5_U_060-809009951-315557569.gwf" link="input" register="true" transfer="true" optional="false" type="data" size="8415922"/>
    <uses file="H-CAL_REF_DARM_ERR_H1_S5_V1-857419168-8.gwf" link="input" register="true" transfer="true" optional="false" type="data" size="902334"/>
    <uses file="H1-TMPLTBANK-797700652-2048.xml" link="output" register="false" transfer="false" optional="false" type="data" size="990752"/>
  </job>
  <job id="ID00004" namespace="LIGO" name="TmpltBank" version="1.0" level="0" runtime="17.67">
    <uses file="H-CAL_FAC_DARM_ERR_H1_S5_U_060-809009951-315557569.gwf" link="input" register="true" transfer="true" optional="false" type="data" size="8415922"/>
    <uses file="H-H1_RDS_L4-784721296-1024.gwf" link="input" register="true" transfer="true" optional="false" type="data" size="15599686"/>
    <uses file="H-CAL_REF_DARM_ERR_H1_S5_V1-857419168-8.gwf" link="input" register="true" transfer="true" optional="false" type="data" size="902334"/>
    <uses file="H-H1_RDS_L4-875788857-1024.gwf" link="input" register="true" transfer="true" optional="false" type="data" size="15582739"/>
    <uses file="H1-TMPLTBANK-727898418-2048.xml" link="output" register="false" transfer="false" optional="false" type="data" size="983577"/>
  </job>
  <job id="ID00005" namespace="LIGO" name="TmpltBank" version="1.0" level="0" runtime="17.72">
    <uses file="H-H1_RDS_L4-875788858-1024.gwf" link="input" register="true" transfer="true" optional="false" type="data" size="15561649"/>
    <uses file="H-CAL_FAC_DARM_ERR_H1_S5_U_060-809009951-315557569.gwf" link="input" register="true" transfer="true" optional="false" type="data" size="8415922"/>
    <uses file="H-H1_RDS_L4-784721297-1024.gwf" link="input" register="true" transfer="true" optional="false" type="data" size="15589617"/>
    <uses file="H-CAL_REF_DARM_ERR_H1_S5_V1-857419168-8.gwf" link="input" register="true" transfer="true" optional="false" type="data" size="902334"/>
    <uses file="H1-TMPLTBANK-809012474-2048.xml" link="output" register="false" transfer="false" optional="false" type="data" size="976990"/>
  </job>
  <job id="ID00006" namespace="LIGO" name="TmpltBank" version="1.0" level="0" runtime="18.31">
    <uses file="H-CAL_FAC_DARM_ERR_H1_S5_U_060-809009951-315557569.gwf" link="input" register="true" transfer="true" optional="false" type="data" size="8415922"/>
    <uses file="H-H1_RDS_L4-784721298-1024.gwf" link="input" register="true" transfer="true" optional="false" type="data" size="15612893"/>
    <uses file="H-CAL_REF_DARM_ERR_H1_S5_V1-857419168-8.gwf" link="input" register="true" transfer="true" optional="false" type="data" size="902334"/>
    <uses file="H-H1_RDS_L4-875788859-1024.gwf" link="input" register="true" transfer="true" optional="false" type="data" size="15593546"/>
    <uses file="H1-TMPLTBANK-875830664-2048.xml" link="output" register="false" transfer="false" optional="false" type="data" size="986588"/>
  </job>
  <job id="ID00007" namespace="LIGO" name="TmpltBank" version="1.0" level="0" runtime="17.76">
    <uses file="H-H1_RDS_L4-784721299-1024.gwf" link="input" register="true" transfer="true" optional="false" type="data" size="15581210"/>
    <uses file="H-CAL_FAC_DARM_ERR_H1_S5_U_060-809009951-315557569.gwf" link="input" register="true" transfer="true" optional="false" type="data" size="8415922"/>
    <uses file="H-H1_RDS_L4-875788860-1024.gwf" link="input" register="true" transfer="true" optional="false" type="data" size="15592160"/>
    <uses file="H-CAL_REF_DARM_ERR_H1_S5_V1-857419168-8.gwf" link="input" register="true" transfer="true" optional="false" type="data" size="902334"/>
    <uses file="H1-TMPLTBANK-777034678-2048.xml" link="output" register="false" transfer="false" optional="false" type="data" size="1011001"/>
  </job>
  <job id="ID00008" namespace="LIGO" name="TmpltBank" version="1.0" level="0" runtime="18.20">
    <uses file="H-H1_RDS_L4-784721300-1024.gwf" link="input" register="true" transfer="true" optional="false" type="data" size="15600585"/>
    <uses file="H-CAL_FAC_DARM_ERR_H1_S5_U_060-809009951-315557569.gwf" link="input" register="true" transfer="true" optional="false" type="data" size="8415922"/>
    <uses file="H-CAL_REF_DARM_ERR_H1_S5_V1-857419168-8.gwf" link="input" register="true" transfer="true" optional="false" type="data" size="902334"/>
    <uses file="H-H1_RDS_L4-875788861-1024.gwf" link="input" register="true" transfer="true" optional="false" type="data" size="15573678"/>
    <uses file="H1-TMPLTBANK-863888667-2048.xml" link="output" register="false" transfer="false" optional="false" type="data" size="990611"/>
  </job>
  <job id="ID00009" namespace="LIGO" name="TmpltBank" version="1.0" level="0" runtime="18.29">
    <uses file="H-CAL_FAC_DARM_ERR_H1_S5_U_060-809009951-315557569.gwf" link="input" register="true" transfer="true" optional="false" type="data" size="8415922"/>
    <uses file="H-H1_RDS_L4-875788862-1024.gwf" link="input" register="true" transfer="true" optional="false" type="data" size="15609745"/>
    <uses file="H-H1_RDS_L4-784721301-1024.gwf" link="input" register="true" transfer="true" optional="false" type="data" size="15609150"/>
    <uses file="H-CAL_REF_DARM_ERR_H1_S5_V1-857419168-8.gwf" link="input" register="true" transfer="true" optional="false" type="data" size="902334"/>
    <uses file="H1-TMPLTBANK-813008900-2048.xml" link="output" register="false" transfer="false" optional="false" type="data" size="957967"/>
  </job>
  <job id="ID00010" namespace="LIGO" name="TmpltBank" version="1.0" level="0" runtime="17.92">
    <uses file="H-H1_RDS_L4-875788863-1024.gwf" link="input" register="true" transfer="true" optional="false" type="data" size="15570197"/>
    <uses file="H-CAL_FAC_DARM_ERR_H1_S5_U_060-809009951-315557569.gwf" link="input" register="true" transfer="true" optional="false" type="data" size="8415922"/>
    <uses file="H-H1_RDS_L4-784721302-1024.gwf" link="input" register="true" transfer="true" optional="false" type="data" size="15586014"/>
    <uses file="H-CAL_REF_DARM_ERR_H1_S5_V1-857419168-8.gwf" link="input" register="true" transfer="true" optional="false" type="data" size="902334"/>
    <uses file="H1-TMPLTBANK-846598508-2048.xml" link="output" register="false" transfer="false" optional="false" type="data" size="978417"/>
  </job>
  <job id="ID00011" namespace="LIGO" name="TmpltBank" version="1.0" level="0" runtime="18.80">
    <uses file="H-H1_RDS_L4-875788864-1024.gwf" link="input" register="true" transfer="true" optional="false" type="data" size="15596472"/>
    <uses file="H-CAL_FAC_DARM_ERR_H1_S5_U_060-809009951-315557569.gwf" link="input" register="true" transfer="true" optional="false" type="data" size="8415922"/>
    <uses file="H-H1_RDS_L4-784721303-1024.gwf" link="input" register="true" transfer="true" optional="false" type="data" size="15591698"/>
    <uses file="H-CAL_REF_DARM_ERR_H1_S5_V1-857419168-8.gwf" link="input" register="true" transfer="true" optional="false" type="data" size="902334"/>
    <uses file="H1-TMPLTBANK-746529217-2048.xml" link="output" register="false" transfer="false" optional="false" type="data" size="962652"/>
  </job>
  <job id="ID00012" namespace="LIGO" name="TmpltBank" version="1.0" level="0" runtime="17.90">
    <uses file="H-H1_RDS_L4-784721304-1024.gwf" link="input" register="true" transfer="true" optional="false" type="data" size="15579313"/>
    <uses file="H-CAL_FAC_DARM_ERR_H1_S5_U_060-809009951-315557569.gwf" link="input" register="true" transfer="true" optional="false" type="data" size="8415922"/>
    <uses file="H-CAL_REF_DARM_ERR_H1_S5_V1-857419168-8.gwf" link="input" register="true" transfer="true" optional="false" type="data" size="902334"/>
    <uses file="H-H1_RDS_L4-875788865-1024.gwf" link="input" register="true" transfer="true" optional="false" type="data" size="15593432"/>
    <uses file="H1-TMPLTBANK-728166759-2048.xml" link="output" register="false" transfer="false" optional="false" type="data" size="983916"/>
  </job>
  <job id="ID00013" namespace="LIGO" name="TmpltBank" version="1.0" level="0" runtime="18.49">
    <uses file="H-CAL_FAC_DARM_ERR_H1_S5_U_060-809009951-315557569.gwf" link="input" register="true" transfer="true" optional="false" type="data" size="8415922"/>
    <uses file="H-H1_RDS_L4-875788866-1024.gwf" link="input" register="true" transfer="true" optional="false" type="data" size="15555068"/>
    <uses file="H-CAL_REF_DARM_ERR_H1_S5_V1-857419168-8.gwf" link="input" register="true" transfer="true" optional="false" type="data" size="902334"/>
    <uses file="H-H1_RDS_L4-784721305-1024.gwf" link="input" register="true" transfer="true" optional="false" type="data" size="15580875"/>
    <uses file="H1-TMPLTBANK-853387137-2048.xml" link="output" register="false" transfer="false" optional="false" type="data" size="986157"/>
  </job>
  <job id="ID00014" namespace="LIGO" name="TmpltBank" version="1.0" level="0" runtime="18.56">
    <uses file="H-H1_RDS_L4-875788867-1024.gwf" link="input" register="true" transfer="true" optional="false" type="data" size="15627627"/>
    <uses file="H-H1_RDS_L4-784721306-1024.gwf" link="input" register="true" transfer="true" optional="false" type="data" size="15595206"/>
    <uses file="H-CAL_FAC_DARM_ERR_H1_S5_U_060-809009951-315557569.gwf" link="input" register="true" transfer="true" optional="false" type="data" size="8415922"/>
    <uses file="H-CAL_REF_DARM_ERR_H1_S5_V1-857419168-8.gwf" link="input" register="true" transfer="true" optional="false" type="data" size="902334"/>
    <uses file="H1-TMPLTBANK-797051233-2048.xml" link="output" register="false" transfer="false" optional="false" type="data" size="1034832"/>
  </job>
  <job id="ID00015" namespace="LIGO" name="TmpltBank" version="1.0" level="0" runtime="17.97">
    <uses file="H-CAL_FAC_DARM_ERR_H1_S5_U_060-809009951-315557569.gwf" link="input" register="true" transfer="true" optional="false" type="data" size="8415922"/>
    <uses file="H-CAL_REF_DARM_ERR_H1_S5_V1-857419168-8.gwf" link="input" register="true" transfer="true" optional="false" type="data" size="902334"/>
    <uses file="H-H1_RDS_L4-784721307-1024.gwf" link="input" register="true" transfer="true" optional="false" type="data" size="15595975"/>
    <uses file="H-H1_RDS_L4-875788868-1024.gwf" link="input" register="true" transfer="true" optional="false" type="data" size="15569697"/>
    <uses file="H1-TMPLTBANK-749244813-2048.xml" link="output" register="false" transfer="false" optional="false" type="data" size="959824"/>
  </job>
  <job id="ID00016" namespace="LIGO" name="TmpltBank" version="1.0" level="0" runtime="17.63">
    <uses file="H-H1_RDS_L4-875788869-1024.gwf" link="input" register="true" transfer="true" optional="false" type="data" size="15611532"/>
    <uses file="H-H1_RDS_L4-784721308-1024.gwf" link="input" register="true" transfer="true" optional="false" type="data" size="15587118"/>
    <uses file="H-CAL_FAC_DARM_ERR_H1_S5_U_060-809009951-315557569.gwf" link="input" register="true" transfer="true" optional="false" type="data" size="8415922"/>
    <uses file="H-CAL_REF_DARM_ERR_H1_S5_V1-857419168-8.gwf" link="input" register="true" transfer="true" optional="false" type="data" size="902334"/>
    <uses file="H1-TMPLTBANK-847901048-2048.xml" link="output" register="false" transfer="false" optional="false" type="data" size="1002144"/>
  </job>
  <job id="ID00017" namespace="LIGO" name="TmpltBank" version="1.0" level="0" runtime="17.01">
    <uses file="H-H1_RDS_L4-784721309-1024.gwf" link="input" register="true" transfer="true" optional="false" type="data" size="15607211"/>
    <uses file="H-CAL_FAC_DARM_ERR_H1_S5_U_060-809009951-315557569.gwf" link="input" register="true" transfer="true" optional="false" type="data" size="8415922"/>
    <uses file="H-H1_RDS_L4-875788870-1024.gwf" link="input" register="true" transfer="true" optional="false" type="data" size="15598864"/>
    <uses file="H-CAL_REF_DARM_ERR_H1_S5_V1-857419168-8.gwf" link="input" register="true" transfer="true" optional="false" type="data" size="902334"/>
    <uses file="H1-TMPLTBANK-830441959-2048.xml" link="output" register="false" transfer="false" optional="false" type="data" size="981998"/>
  </job>
  <job id="ID00018" namespace="LIGO" name="TmpltBank" version="1.0" level="0" runtime="17.95">
    <uses file="H-H1_RDS_L4-875788871-1024.gwf" link="input" register="true" transfer="true" optional="false" type="data" size="15606466"/>
    <uses file="H-H1_RDS_L4-784721310-1024.gwf" link="input" register="true" transfer="true" optional="false" type="data" size="15562558"/>
    <uses file="H-CAL_FAC_DARM_ERR_H1_S5_U_060-809009951-315557569.gwf" link="input" register="true" transfer="true" optional="false" type="data" size="8415922"/>
    <uses file="H-CAL_REF_DARM_ERR_H1_S5_V1-857419168-8.gwf" link="input" register="true" transfer="true" optional="false" type="data" size="902334"/>
    <uses file="H1-TMPLTBANK-801511671-2048.xml" link="output" register="false" transfer="false" optional="false" type="data" size="1000838"/>
  </job>
  <job id="ID00019" namespace="LIGO" name="TmpltBank" version="1.0" level="0" runtime="17.78">
    <uses file="H-H1_RDS_L4-784721311-1024.gwf" link="input" register="true" transfer="true" optional="false" type="data" size="15592347"/>
    <uses file="H-CAL_FAC_DARM_ERR_H1_S5_U_060-809009951-315557569.gwf" link="input" register="true" transfer="true" optional="false" type="data" size="8415922"/>
    <uses file="H-CAL_REF_DARM_ERR_H1_S5_V1-857419168-8.gwf" link="input" register="true" transfer="true" optional="false" type="data" size="902334"/>
    <uses file="H-H1_RDS_L4-875788872-1024.gwf" link="input" register="true" transfer="true" optional="false" type="data" size="15583445"/>
    <uses file="H1-TMPLTBANK-763076967-2048.xml" link="output" register="false" transfer="false" optional="false" type="data" size="977612"/>
  </job>
  <job id="ID00020" namespace="LIGO" name="TmpltBank" version="1.0" level="0" runtime="18.19">
    <uses file="H-H1_RDS_L4-875788873-1024.gwf" link="input" register="true" transfer="true" optional="false" type="data" size="15563200"/>
    <uses file="H-H1_RDS_L4-784721312-1024.gwf" link="input" register="true" transfer="true" optional="false" type="data" size="15588667"/>
    <uses file="H-CAL_FAC_DARM_ERR_H1_S5_U_060-809009951-315557569.gwf" link="input" register="true" transfer="true" optional="false" type="data" size="8415922"/>
    <uses file="H-CAL_REF_DARM_ERR_H1_S5_V1-857419168-8.gwf" link="input" register="true" transfer="true" optional="false" type="data" size="902334"/>
    <uses file="H1-TMPLTBANK-842153304-2048.xml" link="output" register="false" transfer="false" optional="false" type="data" size="995436"/>
  </job>
  <job id="ID00021" namespace="LIGO" name="TmpltBank" version="1.0" level="0" runtime="18.47">
    <uses file="H-H1_RDS_L4-875788874-1024.gwf" link="input" register="true" transfer="true" optional="false" type="data" size="15620028"/>
    <uses file="H-CAL_FAC_DARM_ERR_H1_S5_U_060-809009951-315557569.gwf" link="input" register="true" transfer="true" optional="false" type="data" size="8415922"/>
    <uses file="H-H1_RDS_L4-784721313-1024.gwf" link="input" register="true" transfer="true" optional="false" type="data" size="15590143"/>
    <uses file="H-CAL_REF_DARM_ERR_H1_S5_V1-857419168-8.gwf" link="input" register="true" transfer="true" optional="false" type="data" size="902334"/>
    <uses file="H1-TMPLTBANK-732553737-2048.xml" link="output" register="false" transfer="false" optional="false" type="data" size="995872"/>
  </job>
  <job id="ID00022" namespace="LIGO" name="Inspiral" version="1.0" level="1" runtime="514.01">
    <uses file="HL-INJECTIONS_100-731815779-7202535.xml" link="input" register="true" transfer="true" optional="false" type="data" size="2421423"/>
    <uses file="H-H1_RDS_L4-875788853-1024.gwf" link="input" register="true" transfer="true" optional="false" type="data" size="15613232"/>
    <uses file="H-CAL_FAC_DARM_ERR_H1_S5_U_060-809009951-315557569.gwf" link="input" register="true" transfer="true" optional="false" type="data" size="8415922"/>
    <uses file="H-H1_RDS_L4-784721292-1024.gwf" link="input" register="true" transfer="true" optional="false" type="data" size="15602293"/>
    <uses file="H-CAL_REF_DARM_ERR_H1_S5_V1-857419168-8.gwf" link="input" register="true" transfer="true" optional="false" type="data" size="902334"/>
    <uses file="H1-TMPLTBANK-819286063-2048.xml" link="input" register="false" transfer="false" optional="false" type="data" size="1007201"/>
    <uses file="H1-INSPIRAL-819286063-2048.xml" link="output" register="false" transfer="false" optional="false" type="data" size="293577"/>
  </job>
  <job id="ID00023" namespace="LIGO" name="Inspiral" version="1.0" level="1" runtime="523.50">
    <uses file="HL-INJECTIONS_100-731815779-7202535.xml" link="input" register="true" transfer="true" optional="false" type="data" size="2421423"/>
    <uses file="H-H1_RDS_L4-784721293-1024.gwf" link="input" register="true" transfer="true" optional="false" type="data" size="15610326"/>
    <uses file="H-H1_RDS_L4-875788854-1024.gwf" link="input" register="true" transfer="true" optional="false" type="data" size="15568657"/>
    <uses file="H-CAL_FAC_DARM_ERR_H1_S5_U_060-809009951-315557569.gwf" link="input" register="true" transfer="true" optional="false" type="data" size="8415922"/>
    <uses file="H-CAL_REF_DARM_ERR_H1_S5_V1-857419168-8.gwf" link="input" register="true" transfer="true" optional="false" type="data" size="902334"/>
    <uses file="H1-TMPLTBANK-804357501-2048.xml" link="input" register="false" transfer="false" optional="false" type="data" size="996077"/>
    <uses file="H1-INSPIRAL-804357501-2048.xml" link="output" register="false" transfer="false" optional="false" type="data" size="164695"/>
  </job>
  <job id="ID00024" namespace="LIGO" name="Inspiral" version="1.0" level="1" runtime="554.67">
    <uses file="HL-INJECTIONS_100-731815779-7202535.xml" link="input" register="true" transfer="true" optional="false" type="data" size="2421423"/>
    <uses file="H-H1_RDS_L4-875788855-1024.gwf" link="input" register="true" transfer="true" optional="false" type="data" size="15575112"/>
    <uses file="H-H1_RDS_L4-784721294-1024.gwf" link="input" register="true" transfer="true" optional="false" type="data" size="15644928"/>
    <uses file="H-CAL_FAC_DARM_ERR_H1_S5_U_060-809009951-315557569.gwf" link="input" register="true" transfer="true" optional="false" type="data" size="8415922"/>
    <uses file="H-CAL_REF_DARM_ERR_H1_S5_V1-857419168-8.gwf" link="input" register="true" transfer="true" optional="false" type="data" size="902334"/>
    <uses file="H1-TMPLTBANK-742021250-2048.xml" link="input" register="false" transfer="false" optional="false" type="data" size="1010327"/>
    <uses file="H1-INSPIRAL-742021250-2048.xml" link="output" register="false" transfer="false" optional="false" type="data" size="244437"/>
  </job>
  <job id="ID00025" namespace="LIGO" name="Inspiral" version="1.0" level="1" runtime="631.64">
    <uses file="HL-INJECTIONS_100-731815779-7202535.xml" link="input" register="true" transfer="true" optional="false" type="data" size="2421423"/>
    <uses file="H-H1_RDS_L4-784721295-1024.gwf" link="input" register="true" transfer="true" optional="false" type="data" size="15629474"/>
    <uses file="H-H1_RDS_L4-875788856-1024.gwf" link="input" register="true" transfer="true" optional="false" type="data" size="15589434"/>
    <uses file="H-CAL_FAC_DARM_ERR_H1_S5_U_060-809009951-315557569.gwf" link="input" register="true" transfer="true" optional="false" type="data" size="8415922"/>
    <uses file="H-CAL_REF_DARM_ERR_H1_S5_V1-857419168-8.gwf" link="input" register="true" transfer="true" optional="false" type="data" size="902334"/>
    <uses file="H1-TMPLTBANK-797700652-2048.xml" link="input" register="false" transfer="false" optional="false" type="data" size="990752"/>
    <uses file="H1-INSPIRAL-797700652-2048.xml" link="output" register="false" transfer="false" optional="false" type="data" size="329558"/>
  </job>
  <job id="ID00026" namespace="LIGO" name="Inspiral" version="1.0" level="1" runtime="256.70">
    <uses file="HL-INJECTIONS_100-731815779-7202535.xml" link="input" register="true" transfer="true" optional="false" type="data" size="2421423"/>
    <uses file="H-CAL_FAC_DARM_ERR_H1_S5_U_060-809009951-315557569.gwf" link="input" register="true" transfer="true" optional="false" type="data" size="8415922"/>
    <uses file="H-H1_RDS_L4-784721296-1024.gwf" link="input" register="true" transfer="true" optional="false" type="data" size="15599686"/>
    <uses file="H-CAL_REF_DARM_ERR_H1_S5_V1-857419168-8.gwf" link="input" register="true" transfer="true" optional="false" type="data" size="902334"/>
    <uses file="H-H1_RDS_L4-875788857-1024.gwf" link="input" register="true" transfer="true" optional="false" type="data" size="15582739"/>
    <uses file="H1-TMPLTBANK-727898418-2048.xml" link="input" register="false" transfer="false" optional="false" type="data" size="983577"/>
    <uses file="H1-INSPIRAL-727898418-2048.xml" link="output" register="false" transfer="false" optional="false" type="data" size="464707"/>
  </job>
  <job id="ID00027" namespace="LIGO" name="Inspiral" version="1.0" level="1" runtime="589.99">
    <uses file="HL-INJECTIONS_100-731815779-7202535.xml" link="input" register="true" transfer="true" optional="false" type="data" size="2421423"/>
    <uses file="H-H1_RDS_L4-875788858-1024.gwf" link="input" register="true" transfer="true" optional="false" type="data" size="15561649"/>
    <uses file="H-CAL_FAC_DARM_ERR_H1_S5_U_060-809009951-315557569.gwf" link="input" register="true" transfer="true" optional="false" type="data" size="8415922"/>
    <uses file="H-H1_RDS_L4-784721297-1024.gwf" link="input" register="true" transfer="true" optional="false" type="data" size="15589617"/>
    <uses file="H-CAL_REF_DARM_ERR_H1_S5_V1-857419168-8.gwf" link="input" register="true" transfer="true" optional="false" type="data" size="902334"/>
    <uses file="H1-TMPLTBANK-809012474-2048.xml" link="input" register="false" transfer="false" optional="false" type="data" size="976990"/>
    <uses file="H1-INSPIRAL-809012474-2048.xml" link="output" register="false" transfer="false" optional="false" type="data" size="249229"/>
  </job>
  <job id="ID00028" namespace="LIGO" name="Inspiral" version="1.0" level="1" runtime="464.72">
    <uses file="HL-INJECTIONS_100-731815779-7202535.xml" link="input" register="true" transfer="true" optional="false" type="data" size="2421423"/>
    <uses file="H-CAL_FAC_DARM_ERR_H1_S5_U_060-809009951-315557569.gwf" link="input" register="true" transfer="true" optional="false" type="data" size="8415922"/>
    <uses file="H-H1_RDS_L4-784721298-1024.gwf" link="input" register="true" transfer="true" optional="false" type="data" size="15612893"/>
    <uses file="H-CAL_REF_DARM_ERR_H1_S5_V1-857419168-8.gwf" link="input" register="true" transfer="true" optional="false" type="data" size="902334"/>
    <uses file="H-H1_RDS_L4-875788859-1024.gwf" link="input" register="true" transfer="true" optional="false" type="data" size="15593546"/>
    <uses file="H1-TMPLTBANK-875830664-2048.xml" link="input" register="false" transfer="false" optional="false" type="data" size="986588"/>
    <uses file="H1-INSPIRAL-875830664-2048.xml" link="output" register="false" transfer="false" optional="false" type="data" size="446536"/>
  </job>
  <job id="ID00029" namespace="LIGO" name="Inspiral" version="1.0" level="1" runtime="360.15">
    <uses file="HL-INJECTIONS_100-731815779-7202535.xml" link="input" register="true" transfer="true" optional="false" type="data" size="2421423"/>
    <uses file="H-H1_RDS_L4-784721299-1024.gwf" link="input" register="true" transfer="true" optional="false" type="data" size="15581210"/>
    <uses file="H-CAL_FAC_DARM_ERR_H1_S5_U_060-809009951-315557569.gwf" link="input" register="true" transfer="true" optional="false" type="data" size="8415922"/>
    <uses file="H-H1_RDS_L4-875788860-1024.gwf" link="input" register="true" transfer="true" optional="false" type="data" size="15592160"/>
    <uses file="H-CAL_REF_DARM_ERR_H1_S5_V1-857419168-8.gwf" link="input" register="true" transfer="true" optional="false" type="data" size="902334"/>
    <uses file="H1-TMPLTBANK-777034678-2048.xml" link="input" register="false" transfer="false" optional="false" type="data" size="1011001"/>
    <uses file="H1-INSPIRAL-777034678-2048.xml" link="output" register="false" transfer="false" optional="false" type="data" size="171236"/>
  </job>
  <job id="ID00030" namespace="LIGO" name="Inspiral" version="1.0" level="1" runtime="682.63">
    <uses file="HL-INJECTIONS_100-731815779-7202535.xml" link="input" register="true" transfer="true" optional="false" type="data" size="2421423"/>
    <uses file="H-H1_RDS_L4-784721300-1024.gwf" link="input" register="true" transfer="true" optional="false" type="data" size="15600585"/>
    <uses file="H-CAL_FAC_DARM_ERR_H1_S5_U_060-809009951-315557569.gwf" link="input" register="true" transfer="true" optional="false" type="data" size="8415922"/>
    <uses file="H-CAL_REF_DARM_ERR_H1_S5_V1-857419168-8.gwf" link="input" register="true" transfer="true" optional="false" type="data" size="902334"/>
    <uses file="H-H1_RDS_L4-875788861-1024.gwf" link="input" register="true" transfer="true" optional="false" type="data" size="15573678"/>
    <uses file="H1-TMPLTBANK-863888667-2048.xml" link="input" register="false" transfer="false" optional="false" type="data" size="990611"/>
    <uses file="H1-INSPIRAL-863888667-2048.xml" link="output" register="false" transfer="false" optional="false" type="data" size="425908"/>
  </job>
  <job id="ID00031" namespace="LIGO" name="Inspiral" version="1.0" level="1" runtime="371.31">
    <uses file="HL-INJECTIONS_100-731815779-7202535.xml" link="input" register="true" transfer="true" optional="false" type="data" size="2421423"/>
    <uses file="H-CAL_FAC_DARM_ERR_H1_S5_U_060-809009951-315557569.gwf" link="input" register="true" transfer="true" optional="false" type="data" size="8415922"/>
    <uses file="H-H1_RDS_L4-875788862-1024.gwf" link="input" register="true" transfer="true" optional="false" type="data" size="15609745"/>
    <uses file="H-H1_RDS_L4-784721301-1024.gwf" link="input" register="true" transfer="true" optional="false" type="data" size="15609150"/>
    <uses file="H-CAL_REF_DARM_ERR_H1_S5_V1-857419168-8.gwf" link="input" register="true" transfer="true" optional="false" type="data" size="902334"/>
    <uses file="H1-TMPLTBANK-813008900-2048.xml" link="input" register="false" transfer="false" optional="false" type="data" size="957967"/>
    <uses file="H1-INSPIRAL-813008900-2048.xml" link="output" register="false" transfer="false" optional="false" type="data" size="464519"/>
  </job>
  <job id="ID00032" namespace="LIGO" name="Inspiral" version="1.0" level="1" runtime="328.08">
    <uses file="HL-INJECTIONS_100-731815779-7202535.xml" link="input" register="true" transfer="true" optional="false" type="data" size="2421423"/>
    <uses file="H-H1_RDS_L4-875788863-1024.gwf" link="input" register="true" transfer="true" optional="false" type="data" size="15570197"/>
    <uses file="H-CAL_FAC_DARM_ERR_H1_S5_U_060-809009951-315557569.gwf" link="input" register="true" transfer="true" optional="false" type="data" size="8415922"/>
    <uses file="H-H1_RDS_L4-784721302-1024.gwf" link="input" register="true" transfer="true" optional="false" type="data" size="15586014"/>
    <uses file="H-CAL_REF_DARM_ERR_H1_S5_V1-857419168-8.gwf" link="input" register="true" transfer="true" optional="false" type="data" size="902334"/>
    <uses file="H1-TMPLTBANK-846598508-2048.xml" link="input" register="false" transfer="false" optional="false" type="data" size="978417"/>
    <uses file="H1-INSPIRAL-846598508-2048.xml" link="output" register="false" transfer="false" optional="false" type="data" size="276321"/>
  </job>
  <job id="ID00033" namespace="LIGO" name="Inspiral" version="1.0" level="1" runtime="396.29">
    <uses file="HL-INJECTIONS_100-731815779-7202535.xml" link="input" register="true" transfer="true" optional="false" type="data" size="2421423"/>
    <uses file="H-H1_RDS_L4-875788864-1024.gwf" link="input" register="true" transfer="true" optional="false" type="data" size="15596472"/>
    <uses file="H-CAL_FAC_DARM_ERR_H1_S5_U_060-809009951-315557569.gwf" link="input" register="true" transfer="true" optional="false" type="data" size="8415922"/>
    <uses file="H-H1_RDS_L4-784721303-1024.gwf" link="input" register="true" transfer="true" optional="false" type="data" size="15591698"/>
    <uses file="H-CAL_REF_DARM_ERR_H1_S5_V1-857419168-8.gwf" link="input" register="true" transfer="true" optional="false" type="data" size="902334"/>
    <uses file="H1-TMPLTBANK-746529217-2048.xml" link="input" register="false" transfer="false" optional="false" type="data" size="962652"/>
    <uses file="H1-INSPIRAL-746529217-2048.xml" link="output" register="false" transfer="false" optional="false" type="data" size="444038"/>
  </job>
  <job id="ID00034" namespace="LIGO" name="Inspiral" version="1.0" level="1" runtime="235.00">
    <uses file="HL-INJECTIONS_100-731815779-7202535.xml" link="input" register="true" transfer="true" optional="false" type="data" size="2421423"/>
    <uses file="H-H1_RDS_L4-784721304-1024.gwf" link="input" register="true" transfer="true" optional="false" type="data" size="15579313"/>
    <uses file="H-CAL_FAC_DARM_ERR_H1_S5_U_060-809009951-315557569.gwf" link="input" register="true" transfer="true" optional="false" type="data" size="8415922"/>
    <uses file="H-CAL_REF_DARM_ERR_H1_S5_V1-857419168-8.gwf" link="input" register="true" transfer="true" optional="false" type="data" size="902334"/>
    <uses file="H-H1_RDS_L4-875788865-1024.gwf" link="input" register="true" transfer="true" optional="false" type="data" size="15593432"/>
    <uses file="H1-TMPLTBANK-728166759-2048.xml" link="input" register="false" transfer="false" optional="false" type="data" size="983916"/>
    <uses file="H1-INSPIRAL-728166759-2048.xml" link="output" register="false" transfer="false" optional="false" type="data" size="185853"/>
  </job>
  <job id="ID00035" namespace="LIGO" name="Inspiral" version="1.0" level="1" runtime="279.18">
    <uses file="HL-INJECTIONS_100-731815779-7202535.xml" link="input" register="true" transfer="true" optional="false" type="data" size="2421423"/>
    <uses file="H-CAL_FAC_DARM_ERR_H1_S5_U_060-809009951-315557569.gwf" link="input" register="true" transfer="true" optional="false" type="data" size="8415922"/>
    <uses file="H-H1_RDS_L4-875788866-1024.gwf" link="input" register="true" transfer="true" optional="false" type="data" size="15555068"/>
    <uses file="H-CAL_REF_DARM_ERR_H1_S5_V1-857419168-8.gwf" link="input" register="true" transfer="true" optional="false" type="data" size="902334"/>
    <uses file="H-H1_RDS_L4-784721305-1024.gwf" link="input" register="true" transfer="true" optional="false" type="data" size="15580875"/>
    <uses file="H1-TMPLTBANK-853387137-2048.xml" link="input" register="false" transfer="false" optional="false" type="data" size="986157"/>
    <uses file="H1-INSPIRAL-853387137-2048.xml" link="output" register="false" transfer="false" optional="false" type="data" size="183726"/>
  </job>
  <job id="ID00036" namespace="LIGO" name="Inspiral" version="1.0" level="1" runtime="364.36">
    <uses file="HL-INJECTIONS_100-731815779-7202535.xml" link="input" register="true" transfer="true" optional="false" type="data" size="2421423"/>
    <uses file="H-H1_RDS_L4-875788867-1024.gwf" link="input" register="true" transfer="true" optional="false" type="data" size="15627627"/>
    <uses file="H-H1_RDS_L4-784721306-1024.gwf" link="input" register="true" transfer="true" optional="false" type="data" size="15595206"/>
    <uses file="H-CAL_FAC_DARM_ERR_H1_S5_U_060-809009951-315557569.gwf" link="input" register="true" transfer="true" optional="false" type="data" size="8415922"/>
    <uses file="H-CAL_REF_DARM_ERR_H1_S5_V1-857419168-8.gwf" link="input" register="true" transfer="true" optional="false" type="data" size="902334"/>
    <uses file="H1-TMPLTBANK-797051233-2048.xml" link="input" register="false" transfer="false" optional="false" type="data" size="1034832"/>
    <uses file="H1-INSPIRAL-797051233-2048.xml" link="output" register="false" transfer="false" optional="false" type="data" size="279732"/>
  </job>
  <job id="ID00037" namespace="LIGO" name="Inspiral" version="1.0" level="1" runtime="421.78">
    <uses file="HL-INJECTIONS_100-731815779-7202535.xml" link="input" register="true" transfer="true" optional="false" type="data" size="2421423"/>
    <uses file="H-CAL_FAC_DARM_ERR_H1_S5_U_060-809009951-315557569.gwf" link="input" register="true" transfer="true" optional="false" type="data" size="8415922"/>
    <uses file="H-CAL_REF_DARM_ERR_H1_S5_V1-857419168-8.gwf" link="input" register="true" transfer="true" optional="false" type="data" size="902334"/>
    <uses file="H-H1_RDS_L4-784721307-1024.gwf" link="input" register="true" transfer="true" optional="false" type="data" size="15595975"/>
    <uses file="H-H1_RDS_L4-875788868-1024.gwf" link="input" register="true" transfer="true" optional="false" type="data" size="15569697"/>
    <uses file="H1-TMPLTBANK-749244813-2048.xml" link="input" register="false" transfer="false" optional="false" type="data" size="959824"/>
    <uses file="H1-INSPIRAL-749244813-2048.xml" link="output" register="false" transfer="false" optional="false" type="data" size="391327"/>
  </job>
  <job id="ID00038" namespace="LIGO" name="Inspiral" version="1.0" level="1" runtime="676.91">
    <uses file="HL-INJECTIONS_100-731815779-7202535.xml" link="input" register="true" transfer="true" optional="false" type="data" size="2421423"/>
    <uses file="H-H1_RDS_L4-875788869-1024.gwf" link="input" register="true" transfer="true" optional="false" type="data" size="15611532"/>
    <uses file="H-H1_RDS_L4-784721308-1024.gwf" link="input" register="true" transfer="true" optional="false" type="data" size="15587118"/>
    <uses file="H-CAL_FAC_DARM_ERR_H1_S5_U_060-809009951-315557569.gwf" link="input" register="true" transfer="true" optional="false" type="data" size="8415922"/>
    <uses file="H-CAL_REF_DARM_ERR_H1_S5_V1-857419168-8.gwf" link="input" register="true" transfer="true" optional="false" type="data" size="902334"/>
    <uses file="H1-TMPLTBANK-847901048-2048.xml" link="input" register="false" transfer="false" optional="false" type="data" size="1002144"/>
    <uses file="H1-INSPIRAL-847901048-2048.xml" link="output" register="false" transfer="false" optional="false" type="data" size="191893"/>
  </job>
  <job id="ID00039" namespace="LIGO" name="Inspiral" version="1.0" level="1" runtime="522.17">
    <uses file="HL-INJECTIONS_100-731815779-7202535.xml" link="input" register="true" transfer="true" optional="false" type="data" size="2421423"/>
    <uses file="H-H1_RDS_L4-784721309-1024.gwf" link="input" register="true" transfer="true" optional="false" type="data" size="15607211"/>
    <uses file="H-CAL_FAC_DARM_ERR_H1_S5_U_060-809009951-315557569.gwf" link="input" register="true" transfer="true" optional="false" type="data" size="8415922"/>
    <uses file="H-H1_RDS_L4-875788870-1024.gwf" link="input" register="true" transfer="true" optional="false" type="data" size="15598864"/>
    <uses file="H-CAL_REF_DARM_ERR_H1_S5_V1-857419168-8.gwf" link="input" register="true" transfer="true" optional="false" type="data" size="902334"/>
    <uses file="H1-TMPLTBANK-830441959-2048.xml" link="input" register="false" transfer="false" optional="false" type="data" size="981998"/>
    <uses file="H1-INSPIRAL-830441959-2048.xml" link="output" register="false" transfer="false" optional="false" type="data" size="181726"/>
  </job>
  <job id="ID00040" namespace="LIGO" name="Inspiral" version="1.0" level="1" runtime="459.56">
    <uses file="HL-INJECTIONS_100-731815779-7202535.xml" link="input" register="true" transfer="true" optional="false" type="data" size="2421423"/>
    <uses file="H-H1_RDS_L4-875788871-1024.gwf" link="input" register="true" transfer="true" optional="false" type="data" size="15606466"/>
    <uses file="H-H1_RDS_L4-784721310-1024.gwf" link="input" register="true" transfer="true" optional="false" type="data" size="15562558"/>
    <uses file="H-CAL_FAC_DARM_ERR_H1_S5_U_060-809009951-315557569.gwf" link="input" register="true" transfer="true" optional="false" type="data" size="8415922"/>
    <uses file="H-CAL_REF_DARM_ERR_H1_S5_V1-857419168-8.gwf" link="input" register="true" transfer="true" optional="false" type="data" size="902334"/>
    <uses file="H1-TMPLTBANK-801511671-2048.xml" link="input" register="false" transfer="false" optional="false" type="data" size="1000838"/>
    <uses file="H1-INSPIRAL-801511671-2048.xml" link="output" register="false" transfer="false" optional="false" type="data" size="302571"/>
  </job>
  <job id="ID00041" namespace="LIGO" name="Inspiral" version="1.0" level="1" runtime="644.54">
    <uses file="HL-INJECTIONS_100-731815779-7202535.xml" link="input" register="true" transfer="true" optional="false" type="data" size="2421423"/>
    <uses file="H-H1_RDS_L4-784721311-1024.gwf" link="input" register="true" transfer="true" optional="false" type="data" size="15592347"/>
    <uses file="H-CAL_FAC_DARM_ERR_H1_S5_U_060-809009951-315557569.gwf" link="input" register="true" transfer="true" optional="false" type="data" size="8415922"/>
    <uses file="H-CAL_REF_DARM_ERR_H1_S5_V1-857419168-8.gwf" link="input" register="true" transfer="true" optional="false" type="data" size="902334"/>
    <uses file="H-H1_RDS_L4-875788872-1024.gwf" link="input" register="true" transfer="true" optional="false" type="data" size="15583445"/>
    <uses file="H1-TMPLTBANK-763076967-2048.xml" link="input" register="false" transfer="false" optional="false" type="data" size="977612"/>
    <uses file="H1-INSPIRAL-763076967-2048.xml" link="output" register="false" transfer="false" optional="false" type="data" size="345041"/>
  </job>
  <job id="ID00042" namespace="LIGO" name="Inspiral" version="1.0" level="1" runtime="566.29">
    <uses file="HL-INJECTIONS_100-731815779-7202535.xml" link="input" register="true" transfer="true" optional="false" type="data" size="2421423"/>
    <uses file="H-H1_RDS_L4-875788873-1024.gwf" link="input" register="true" transfer="true" optional="false" type="data" size="15563200"/>
    <uses file="H-H1_RDS_L4-784721312-1024.gwf" link="input" register="true" transfer="true" optional="false" type="data" size="15588667"/>
    <uses file="H-CAL_FAC_DARM_ERR_H1_S5_U_060-809009951-315557569.gwf" link="input" register="true" transfer="true" optional="false" type="data" size="8415922"/>
    <uses file="H-CAL_REF_DARM_ERR_H1_S5_V1-857419168-8.gwf" link="input" register="true" transfer="true" optional="false" type="data" size="902334"/>
    <uses file="H1-TMPLTBANK-842153304-2048.xml" link="input" register="false" transfer="false" optional="false" type="data" size="995436"/>
    <uses file="H1-INSPIRAL-842153304-2048.xml" link="output" register="false" transfer="false" optional="false" type="data" size="379968"/>
  </job>
  <job id="ID00043" namespace="LIGO" name="Inspiral" version="1.0" level="1" runtime="271.77">
    <uses file="HL-INJECTIONS_100-731815779-7202535.xml" link="input" register="true" transfer="true" optional="false" type="data" size="2421423"/>
    <uses file="H-H1_RDS_L4-875788874-1024.gwf" link="input" register="true" transfer="true" optional="false" type="data" size="15620028"/>
    <uses file="H-CAL_FAC_DARM_ERR_H1_S5_U_060-809009951-315557569.gwf" link="input" register="true" transfer="true" optional="false" type="data" size="8415922"/>
    <uses file="H-H1_RDS_L4-784721313-1024.gwf" link="input" register="true" transfer="true" optional="false" type="data" size="15590143"/>
    <uses file="H-CAL_REF_DARM_ERR_H1_S5_V1-857419168-8.gwf" link="input" register="true" transfer="true" optional="false" type="data" size="902334"/>
    <uses file="H1-TMPLTBANK-732553737-2048.xml" link="input" register="false" transfer="false" optional="false" type="data" size="995872"/>
    <uses file="H1-INSPIRAL-732553737-2048.xml" link="output" register="false" transfer="false" optional="false" type="data" size="441672"/>
  </job>
  <job id="ID00044" namespace="LIGO" name="Thinca" version="1.0" level="2" runtime="5.58">
    <uses file="H1-INSPIRAL-819286063-2048.xml" link="input" register="false" transfer="false" optional="false" type="data" size="293577"/>
    <uses file="H1-INSPIRAL-804357501-2048.xml" link="input" register="false" transfer="false" optional="false" type="data" size="164695"/>
    <uses file="H1-INSPIRAL-742021250-2048.xml" link="input" register="false" transfer="false" optional="false" type="data" size="244437"/>
    <uses file="H1-INSPIRAL-797700652-2048.xml" link="input" register="false" transfer="false" optional="false" type="data" size="329558"/>
    <uses file="H1-INSPIRAL-727898418-2048.xml" link="input" register="false" transfer="false" optional="false" type="data" size="464707"/>
    <uses file="H1-INSPIRAL-809012474-2048.xml" link="input" register="false" transfer="false" optional="false" type="data" size="249229"/>
    <uses file="H1-INSPIRAL-875830664-2048.xml" link="input" register="false" transfer="false" optional="false" type="data" size="446536"/>
    <uses file="H1-INSPIRAL-777034678-2048.xml" link="input" register="false" transfer="false" optional="false" type="data" size="171236"/>
    <uses file="H1-INSPIRAL-863888667-2048.xml" link="input" register="false" transfer="false" optional="false" type="data" size="425908"/>
    <uses file="H1-INSPIRAL-813008900-2048.xml" link="input" register="false" transfer="false" optional="false" type="data" size="464519"/>
    <uses file="H1-INSPIRAL-846598508-2048.xml" link="input" register="false" transfer="false" optional="false" type="data" size="276321"/>
    <uses file="H1-INSPIRAL-746529217-2048.xml" link="input" register="false" transfer="false" optional="false" type="data" size="444038"/>
    <uses file="H1-INSPIRAL-728166759-2048.xml" link="input" register="false" transfer="false" optional="false" type="data" size="185853"/>
    <uses file="H1-INSPIRAL-853387137-2048.xml" link="input" register="false" transfer="false" optional="false" type="data" size="183726"/>
    <uses file="H1-INSPIRAL-797051233-2048.xml" link="input" register="false" transfer="false" optional="false" type="data" size="279732"/>
    <uses file="H1-INSPIRAL-749244813-2048.xml" link="input" register="false" transfer="false" optional="false" type="data" size="391327"/>
    <uses file="H1-THINCA-853387137-2048.xml" link="output" register="false" transfer="false" optional="false" type="data" size="26090"/>
  </job>
  <job id="ID00045" namespace="LIGO" name="Thinca" version="1.0" level="2" runtime="5.40">
    <uses file="H1-INSPIRAL-847901048-2048.xml" link="input" register="false" transfer="false" optional="false" type="data" size="191893"/>
    <uses file="H1-INSPIRAL-830441959-2048.xml" link="input" register="false" transfer="false" optional="false" type="data" size="181726"/>
    <uses file="H1-INSPIRAL-801511671-2048.xml" link="input" register="false" transfer="false" optional="false" type="data" size="302571"/>
    <uses file="H1-THINCA-830441959-2048.xml" link="output" register="false" transfer="false" optional="false" type="data" size="26654"/>
  </job>
  <job id="ID00046" namespace="LIGO" name="Thinca" version="1.0" level="2" runtime="5.14">
    <uses file="H1-INSPIRAL-763076967-2048.xml" link="input" register="false" transfer="false" optional="false" type="data" size="345041"/>
    <uses file="H1-INSPIRAL-842153304-2048.xml" link="input" register="false" transfer="false" optional="false" type="data" size="379968"/>
    <uses file="H1-INSPIRAL-732553737-2048.xml" link="input" register="false" transfer="false" optional="false" type="data" size="441672"/>
    <uses file="H1-THINCA-842153304-2048.xml" link="output" register="false" transfer="false" optional="false" type="data" size="40934"/>
  </job>
  <job id="ID00047" namespace="LIGO" name="Thinca" version="1.0" level="2" runtime="5.61">
    <uses file="H1-INSPIRAL-842153304-2048.xml" link="input" register="false" transfer="false" optional="false" type="data" size="458785"/>
    <uses file="H1-INSPIRAL-732553737-2048.xml" link="input" register="false" transfer="false" optional="false" type="data" size="287694"/>
    <uses file="H1-THINCA-842153304-2048.xml" link="output" register="false" transfer="false" optional="false" type="data" size="21203"/>
  </job>
  <job id="ID00048" namespace="LIGO" name="TrigBank" version="1.0" level="3" runtime="5.36">
    <uses file="H1-THINCA-853387137-2048.xml" link="input" register="false" transfer="false" optional="false" type="data" size="26090"/>
    <uses file="H1-TRIGBANK_H1-795805173-4504.xml" link="output" register="false" transfer="false" optional="false" type="data" size="15258"/>
  </job>
  <job id="ID00049" namespace="LIGO" name="TrigBank" version="1.0" level="3" runtime="5.50">
    <uses file="H1-THINCA-853387137-2048.xml" link="input" register="false" transfer="false" optional="false" type="data" size="39844"/>
    <uses file="H1-TRIGBANK_H1-858681008-9199.xml" link="output" register="false" transfer="false" optional="false" type="data" size="18153"/>
  </job>
  <job id="ID00050" namespace="LIGO" name="TrigBank" version="1.0" level="3" runtime="5.45">
    <uses file="H1-THINCA-853387137-2048.xml" link="input" register="false" transfer="false" optional="false" type="data" size="40932"/>
    <uses file="H1-TRIGBANK_H1-727981597-2647.xml" link="output" register="false" transfer="false" optional="false" type="data" size="11650"/>
  </job>
  <job id="ID00051" namespace="LIGO" name="TrigBank" version="1.0" level="3" runtime="5.57">
    <uses file="H1-THINCA-853387137-2048.xml" link="input" register="false" transfer="false" optional="false" type="data" size="40325"/>
    <uses file="H1-TRIGBANK_H1-790150004-7075.xml" link="output" register="false" transfer="false" optional="false" type="data" size="18854"/>
  </job>
  <job id="ID00052" namespace="LIGO" name="TrigBank" version="1.0" level="3" runtime="5.09">
    <uses file="H1-THINCA-853387137-2048.xml" link="input" register="false" transfer="false" optional="false" type="data" size="40436"/>
    <uses file="H1-TRIGBANK_H1-783057138-4615.xml" link="output" register="false" transfer="false" optional="false" type="data" size="18115"/>
  </job>
  <job id="ID00053" namespace="LIGO" name="TrigBank" version="1.0" level="3" runtime="4.85">
    <uses file="H1-THINCA-853387137-2048.xml" link="input" register="false" transfer="false" optional="false" type="data" size="29564"/>
    <uses file="H1-TRIGBANK_H1-778345915-9166.xml" link="output" register="false" transfer="false" optional="false" type="data" size="12647"/>
  </job>
  <job id="ID00054" namespace="LIGO" name="TrigBank" version="1.0" level="3" runtime="5.10">
    <uses file="H1-THINCA-853387137-2048.xml" link="input" register="false" transfer="false" optional="false" type="data" size="45861"/>
    <uses file="H1-TRIGBANK_H1-756762033-3283.xml" link="output" register="false" transfer="false" optional="false" type="data" size="14085"/>
  </job>
  <job id="ID00055" namespace="LIGO" name="TrigBank" version="1.0" level="3" runtime="4.11">
    <uses file="H1-THINCA-853387137-2048.xml" link="input" register="false" transfer="false" optional="false" type="data" size="26273"/>
    <uses file="H1-TRIGBANK_H1-726834808-3583.xml" link="output" register="false" transfer="false" optional="false" type="data" size="15947"/>
  </job>
  <job id="ID00056" namespace="LIGO" name="TrigBank" version="1.0" level="3" runtime="4.93">
    <uses file="H1-THINCA-853387137-2048.xml" link="input" register="false" transfer="false" optional="false" type="data" size="27279"/>
    <uses file="H1-TRIGBANK_H1-817819373-1870.xml" link="output" register="false" transfer="false" optional="false" type="data" size="11309"/>
  </job>
  <job id="ID00057" namespace="LIGO" name="TrigBank" version="1.0" level="3" runtime="5.12">
    <uses file="H1-THINCA-853387137-2048.xml" link="input" register="false" transfer="false" optional="false" type="data" size="20818"/>
    <uses file="H1-TRIGBANK_H1-840115334-9627.xml" link="output" register="false" transfer="false" optional="false" type="data" size="12174"/>
  </job>
  <job id="ID00058" namespace="LIGO" name="TrigBank" version="1.0" level="3" runtime="5.20">
    <uses file="H1-THINCA-853387137-2048.xml" link="input" register="false" transfer="false" optional="false" type="data" size="44048"/>
    <uses file="H1-TRIGBANK_H1-765260571-5063.xml" link="output" register="false" transfer="false" optional="false" type="data" size="14760"/>
  </job>
  <job id="ID00059" namespace="LIGO" name="TrigBank" version="1.0" level="3" runtime="5.31">
    <uses file="H1-THINCA-853387137-2048.xml" link="input" register="false" transfer="false" optional="false" type="data" size="19012"/>
    <uses file="H1-TRIGBANK_H1-832008673-3584.xml" link="output" register="false" transfer="false" optional="false" type="data" size="7942"/>
  </job>
  <job id="ID00060" namespace="LIGO" name="TrigBank" version="1.0" level="3" runtime="4.38">
    <uses file="H1-THINCA-853387137-2048.xml" link="input" register="false" transfer="false" optional="false" type="data" size="30367"/>
    <uses file="H1-TRIGBANK_H1-845349299-2055.xml" link="output" register="false" transfer="false" optional="false" type="data" size="17228"/>
  </job>
  <job id="ID00061" namespace="LIGO" name="TrigBank" version="1.0" level="3" runtime="4.84">
    <uses file="H1-THINCA-853387137-2048.xml" link="input" register="false" transfer="false" optional="false" type="data" size="50190"/>
    <uses file="H1-TRIGBANK_H1-877836807-9048.xml" link="output" register="false" transfer="false" optional="false" type="data" size="13444"/>
  </job>
  <job id="ID00062" namespace="LIGO" name="TrigBank" version="1.0" level="3" runtime="5.62">
    <uses file="H1-THINCA-853387137-2048.xml" link="input" register="false" transfer="false" optional="false" type="data" size="36792"/>
    <uses file="H1-TRIGBANK_H1-773980212-8633.xml" link="output" register="false" transfer="false" optional="false" type="data" size="13951"/>
  </job>
  <job id="ID00063" namespace="LIGO" name="TrigBank" version="1.0" level="3" runtime="5.05">
    <uses file="H1-THINCA-853387137-2048.xml" link="input" register="false" transfer="false" optional="false" type="data" size="27066"/>
    <uses file="H1-TRIGBANK_H1-868722672-338.xml" link="output" register="false" transfer="false" optional="false" type="data" size="7506"/>
  </job>
  <job id="ID00064" namespace="LIGO" name="TrigBank" version="1.0" level="3" runtime="4.96">
    <uses file="H1-THINCA-830441959-2048.xml" link="input" register="false" transfer="false" optional="false" type="data" size="26654"/>
    <uses file="H1-TRIGBANK_H1-738937883-6048.xml" link="output" register="false" transfer="false" optional="false" type="data" size="12465"/>
  </job>
  <job id="ID00065" namespace="LIGO" name="TrigBank" version="1.0" level="3" runtime="5.61">
    <uses file="H1-THINCA-830441959-2048.xml" link="input" register="false" transfer="false" optional="false" type="data" size="31603"/>
    <uses file="H1-TRIGBANK_H1-726212635-7828.xml" link="output" register="false" transfer="false" optional="false" type="data" size="8839"/>
  </job>
  <job id="ID00066" namespace="LIGO" name="TrigBank" version="1.0" level="3" runtime="5.52">
    <uses file="H1-THINCA-830441959-2048.xml" link="input" register="false" transfer="false" optional="false" type="data" size="19884"/>
    <uses file="H1-TRIGBANK_H1-764623840-3548.xml" link="output" register="false" transfer="false" optional="false" type="data" size="8240"/>
  </job>
  <job id="ID00067" namespace="LIGO" name="TrigBank" version="1.0" level="3" runtime="4.62">
    <uses file="H1-THINCA-842153304-2048.xml" link="input" register="false" transfer="false" optional="false" type="data" size="40934"/>
    <uses file="H1-TRIGBANK_H1-876985008-6074.xml" link="output" register="false" transfer="false" optional="false" type="data" size="8693"/>
  </job>
  <job id="ID00068" namespace="LIGO" name="TrigBank" version="1.0" level="3" runtime="5.09">
    <uses file="H1-THINCA-842153304-2048.xml" link="input" register="false" transfer="false" optional="false" type="data" size="21275"/>
    <uses file="H1-TRIGBANK_H1-781291849-832.xml" link="output" register="false" transfer="false" optional="false" type="data" size="13212"/>
  </job>
  <job id="ID00069" namespace="LIGO" name="TrigBank" version="1.0" level="3" runtime="5.29">
    <uses file="H1-THINCA-842153304-2048.xml" link="input" register="false" transfer="false" optional="false" type="data" size="26485"/>
    <uses file="H1-TRIGBANK_H1-822567951-5825.xml" link="output" register="false" transfer="false" optional="false" type="data" size="7589"/>
  </job>
  <job id="ID00070" namespace="LIGO" name="TrigBank" version="1.0" level="3" runtime="5.18">
    <uses file="H1-THINCA-842153304-2048.xml" link="input" register="false" transfer="false" optional="false" type="data" size="21203"/>
    <uses file="H1-TRIGBANK_H1-792201683-6100.xml" link="output" register="false" transfer="false" optional="false" type="data" size="10366"/>
  </job>
  <job id="ID00071" namespace="LIGO" name="TrigBank" version="1.0" level="3" runtime="5.27">
    <uses file="H1-THINCA-842153304-2048.xml" link="input" register="false" transfer="false" optional="false" type="data" size="25599"/>
    <uses file="H1-TRIGBANK_H1-789467632-4550.xml" link="output" register="false" transfer="false" optional="false" type="data" size="13864"/>
  </job>
  <job id="ID00072" namespace="LIGO" name="Inspiral" version="1.0" level="4" runtime="436.53">
    <uses file="HL-INJECTIONS_100-731815779-7202535.xml" link="input" register="true" transfer="true" optional="false" type="data" size="2421423"/>
    <uses file="H-H1_RDS_L4-875788853-1024.gwf" link="input" register="true" transfer="true" optional="false" type="data" size="15613232"/>
    <uses file="H-CAL_FAC_DARM_ERR_H1_S5_U_060-809009951-315557569.gwf" link="input" register="true" transfer="true" optional="false" type="data" size="8415922"/>
    <uses file="H-H1_RDS_L4-784721292-1024.gwf" link="input" register="true" transfer="true" optional="false" type="data" size="15602293"/>
    <uses file="H-CAL_REF_DARM_ERR_H1_S5_V1-857419168-8.gwf" link="input" register="true" transfer="true" optional="false" type="data" size="902334"/>
    <uses file="H1-TRIGBANK_H1-795805173-4504.xml" link="input" register="false" transfer="false" optional="false" type="data" size="15258"/>
    <uses file="H1-INSPIRAL_H1-795805173-4504.xml" link="output" register="false" transfer="false" optional="false" type="data" size="423191"/>
  </job>
  <job id="ID00073" namespace="LIGO" name="Inspiral" version="1.0" level="4" runtime="244.93">
    <uses file="HL-INJECTIONS_100-731815779-7202535.xml" link="input" register="true" transfer="true" optional="false" type="data" size="2421423"/>
    <uses file="H-H1_RDS_L4-784721293-1024.gwf" link="input" register="true" transfer="true" optional="false" type="data" size="15610326"/>
    <uses file="H-H1_RDS_L4-875788854-1024.gwf" link="input" register="true" transfer="true" optional="false" type="data" size="15568657"/>
    <uses file="H-CAL_FAC_DARM_ERR_H1_S5_U_060-809009951-315557569.gwf" link="input" register="true" transfer="true" optional="false" type="data" size="8415922"/>
    <uses file="H-CAL_REF_DARM_ERR_H1_S5_V1-857419168-8.gwf" link="input" register="true" transfer="true" optional="false" type="data" size="902334"/>
    <uses file="H1-TRIGBANK_H1-858681008-9199.xml" link="input" register="false" transfer="false" optional="false" type="data" size="18153"/>
    <uses file="H1-INSPIRAL_H1-858681008-9199.xml" link="output" register="false" transfer="false" optional="false" type="data" size="313275"/>
  </job>
  <job id="ID00074" namespace="LIGO" name="Inspiral" version="1.0" level="4" runtime="669.32">
    <uses file="HL-INJECTIONS_100-731815779-7202535.xml" link="input" register="true" transfer="true" optional="false" type="data" size="2421423"/>
    <uses file="H-H1_RDS_L4-875788855-1024.gwf" link="input" register="true" transfer="true" optional="false" type="data" size="15575112"/>
    <uses file="H-H1_RDS_L4-784721294-1024.gwf" link="input" register="true" transfer="true" optional="false" type="data" size="15644928"/>
    <uses file="H-CAL_FAC_DARM_ERR_H1_S5_U_060-809009951-315557569.gwf" link="input" register="true" transfer="true" optional="false" type="data" size="8415922"/>
    <uses file="H-CAL_REF_DARM_ERR_H1_S5_V1-857419168-8.gwf" link="input" register="true" transfer="true" optional="false" type="data" size="902334"/>
    <uses file="H1-TRIGBANK_H1-727981597-2647.xml" link="input" register="false" transfer="false" optional="false" type="data" size="11650"/>
    <uses file="H1-INSPIRAL_H1-727981597-2647.xml" link="output" register="false" transfer="false" optional="false" type="data" size="418507"/>
  </job>
  <job id="ID00075" namespace="LIGO" name="Inspiral" version="1.0" level="4" runtime="645.60">
    <uses file="HL-INJECTIONS_100-731815779-7202535.xml" link="input" register="true" transfer="true" optional="false" type="data" size="2421423"/>
    <uses file="H-H1_RDS_L4-784721295-1024.gwf" link="input" register="true" transfer="true" optional="false" type="data" size="15629474"/>
    <uses file="H-H1_RDS_L4-875788856-1024.gwf" link="input" register="true" transfer="true" optional="false" type="data" size="15589434"/>
    <uses file="H-CAL_FAC_DARM_ERR_H1_S5_U_060-809009951-315557569.gwf" link="input" register="true" transfer="true" optional="false" type="data" size="8415922"/>
    <uses file="H-CAL_REF_DARM_ERR_H1_S5_V1-857419168-8.gwf" link="input" register="true" transfer="true" optional="false" type="data" size="902334"/>
    <uses file="H1-TRIGBANK_H1-790150004-7075.xml" link="input" register="false" transfer="false" optional="false" type="data" size="18854"/>
    <uses file="H1-INSPIRAL_H1-790150004-7075.xml" link="output" register="false" transfer="false" optional="false" type="data" size="370391"/>
  </job>
  <job id="ID00076" namespace="LIGO" name="Inspiral" version="1.0" level="4" runtime="526.97">
    <uses file="HL-INJECTIONS_100-731815779-7202535.xml" link="input" register="true" transfer="true" optional="false" type="data" size="2421423"/>
    <uses file="H-CAL_FAC_DARM_ERR_H1_S5_U_060-809009951-315557569.gwf" link="input" register="true" transfer="true" optional="false" type="data" size="8415922"/>
    <uses file="H-H1_RDS_L4-784721296-1024.gwf" link="input" register="true" transfer="true" optional="false" type="data" size="15599686"/>
    <uses file="H-CAL_REF_DARM_ERR_H1_S5_V1-857419168-8.gwf" link="input" register="true" transfer="true" optional="false" type="data" size="902334"/>
    <uses file="H-H1_RDS_L4-875788857-1024.gwf" link="input" register="true" transfer="true" optional="false" type="data" size="15582739"/>
    <uses file="H1-TRIGBANK_H1-783057138-4615.xml" link="input" register="false" transfer="false" optional="false" type="data" size="18115"/>
    <uses file="H1-INSPIRAL_H1-783057138-4615.xml" link="output" register="false" transfer="false" optional="false" type="data" size="361137"/>
  </job>
  <job id="ID00077" namespace="LIGO" name="Inspiral" version="1.0" level="4" runtime="235.95">
    <uses file="HL-INJECTIONS_100-731815779-7202535.xml" link="input" register="true" transfer="true" optional="false" type="data" size="2421423"/>
    <uses file="H-H1_RDS_L4-875788858-1024.gwf" link="input" register="true" transfer="true" optional="false" type="data" size="15561649"/>
    <uses file="H-CAL_FAC_DARM_ERR_H1_S5_U_060-809009951-315557569.gwf" link="input" register="true" transfer="true" optional="false" type="data" size="8415922"/>
    <uses file="H-H1_RDS_L4-784721297-1024.gwf" link="input" register="true" transfer="true" optional="false" type="data" size="15589617"/>
    <uses file="H-CAL_REF_DARM_ERR_H1_S5_V1-857419168-8.gwf" link="input" register="true" transfer="true" optional="false" type="data" size="902334"/>
    <uses file="H1-TRIGBANK_H1-778345915-9166.xml" link="input" register="false" transfer="false" optional="false" type="data" size="12647"/>
    <uses file="H1-INSPIRAL_H1-778345915-9166.xml" link="output" register="false" transfer="false" optional="false" type="data" size="274361"/>
  </job>
  <job id="ID00078" namespace="LIGO" name="Inspiral" version="1.0" level="4" runtime="295.03">
    <uses file="HL-INJECTIONS_100-731815779-7202535.xml" link="input" register="true" transfer="true" optional="false" type="data" size="2421423"/>
    <uses file="H-CAL_FAC_DARM_ERR_H1_S5_U_060-809009951-315557569.gwf" link="input" register="true" transfer="true" optional="false" type="data" size="8415922"/>
    <uses file="H-H1_RDS_L4-784721298-1024.gwf" link="input" register="true" transfer="true" optional="false" type="data" size="15612893"/>
    <uses file="H-CAL_REF_DARM_ERR_H1_S5_V1-857419168-8.gwf" link="input" register="true" transfer="true" optional="false" type="data" size="902334"/>
    <uses file="H-H1_RDS_L4-875788859-1024.gwf" link="input" register="true" transfer="true" optional="false" type="data" size="15593546"/>
    <uses file="H1-TRIGBANK_H1-756762033-3283.xml" link="input" register="false" transfer="false" optional="false" type="data" size="14085"/>
    <uses file="H1-INSPIRAL_H1-756762033-3283.xml" link="output" register="false" transfer="false" optional="false" type="data" size="288783"/>
  </job>
  <job id="ID00079" namespace="LIGO" name="Inspiral" version="1.0" level="4" runtime="358.34">
    <uses file="HL-INJECTIONS_100-731815779-7202535.xml" link="input" register="true" transfer="true" optional="false" type="data" size="2421423"/>
    <uses file="H-H1_RDS_L4-784721299-1024.gwf" link="input" register="true" transfer="true" optional="false" type="data" size="15581210"/>
    <uses file="H-CAL_FAC_DARM_ERR_H1_S5_U_060-809009951-315557569.gwf" link="input" register="true" transfer="true" optional="false" type="data" size="8415922"/>
    <uses file="H-H1_RDS_L4-875788860-1024.gwf" link="input" register="true" transfer="true" optional="false" type="data" size="15592160"/>
    <uses file="H-CAL_REF_DARM_ERR_H1_S5_V1-857419168-8.gwf" link="input" register="true" transfer="true" optional="false" type="data" size="902334"/>
    <uses file="H1-TRIGBANK_H1-726834808-3583.xml" link="input" register="false" transfer="false" optional="false" type="data" size="15947"/>
    <uses file="H1-INSPIRAL_H1-726834808-3583.xml" link="output" register="false" transfer="false" optional="false" type="data" size="280125"/>
  </job>
  <job id="ID00080" namespace="LIGO" name="Inspiral" version="1.0" level="4" runtime="616.87">
    <uses file="HL-INJECTIONS_100-731815779-7202535.xml" link="input" register="true" transfer="true" optional="false" type="data" size="2421423"/>
    <uses file="H-H1_RDS_L4-784721300-1024.gwf" link="input" register="true" transfer="true" optional="false" type="data" size="15600585"/>
    <uses file="H-CAL_FAC_DARM_ERR_H1_S5_U_060-809009951-315557569.gwf" link="input" register="true" transfer="true" optional="false" type="data" size="8415922"/>
    <uses file="H-CAL_REF_DARM_ERR_H1_S5_V1-857419168-8.gwf" link="input" register="true" transfer="true" optional="false" type="data" size="902334"/>
    <uses file="H-H1_RDS_L4-875788861-1024.gwf" link="input" register="true" transfer="true" optional="false" type="data" size="15573678"/>
    <uses file="H1-TRIGBANK_H1-817819373-1870.xml" link="input" register="false" transfer="false" optional="false" type="data" size="11309"/>
    <uses file="H1-INSPIRAL_H1-817819373-1870.xml" link="output" register="false" transfer="false" optional="false" type="data" size="434581"/>
  </job>
  <job id="ID00081" namespace="LIGO" name="Inspiral" version="1.0" level="4" runtime="667.26">
    <uses file="HL-INJECTIONS_100-731815779-7202535.xml" link="input" register="true" transfer="true" optional="false" type="data" size="2421423"/>
    <uses file="H-CAL_FAC_DARM_ERR_H1_S5_U_060-809009951-315557569.gwf" link="input" register="true" transfer="true" optional="false" type="data" size="8415922"/>
    <uses file="H-H1_RDS_L4-875788862-1024.gwf" link="input" register="true" transfer="true" optional="false" type="data" size="15609745"/>
    <uses file="H-H1_RDS_L4-784721301-1024.gwf" link="input" register="true" transfer="true" optional="false" type="data" size="15609150"/>
    <uses file="H-CAL_REF_DARM_ERR_H1_S5_V1-857419168-8.gwf" link="input" register="true" transfer="true" optional="false" type="data" size="902334"/>
    <uses file="H1-TRIGBANK_H1-840115334-9627.xml" link="input" register="false" transfer="false" optional="false" type="data" size="12174"/>
    <uses file="H1-INSPIRAL_H1-840115334-9627.xml" link="output" register="false" transfer="false" optional="false" type="data" size="375404"/>
  </job>
  <job id="ID00082" namespace="LIGO" name="Inspiral" version="1.0" level="4" runtime="363.23">
    <uses file="HL-INJECTIONS_100-731815779-7202535.xml" link="input" register="true" transfer="true" optional="false" type="data" size="2421423"/>
    <uses file="H-H1_RDS_L4-875788863-1024.gwf" link="input" register="true" transfer="true" optional="false" type="data" size="15570197"/>
    <uses file="H-CAL_FAC_DARM_ERR_H1_S5_U_060-809009951-315557569.gwf" link="input" register="true" transfer="true" optional="false" type="data" size="8415922"/>
    <uses file="H-H1_RDS_L4-784721302-1024.gwf" link="input" register="true" transfer="true" optional="false" type="data" size="15586014"/>
    <uses file="H-CAL_REF_DARM_ERR_H1_S5_V1-857419168-8.gwf" link="input" register="true" transfer="true" optional="false" type="data" size="902334"/>
    <uses file="H1-TRIGBANK_H1-765260571-5063.xml" link="input" register="false" transfer="false" optional="false" type="data" size="14760"/>
    <uses file="H1-INSPIRAL_H1-765260571-5063.xml" link="output" register="false" transfer="false" optional="false" type="data" size="455262"/>
  </job>
  <job id="ID00083" namespace="LIGO" name="Inspiral" version="1.0" level="4" runtime="402.87">
    <uses file="HL-INJECTIONS_100-731815779-7202535.xml" link="input" register="true" transfer="true" optional="false" type="data" size="2421423"/>
    <uses file="H-H1_RDS_L4-875788864-1024.gwf" link="input" register="true" transfer="true" optional="false" type="data" size="15596472"/>
    <uses file="H-CAL_FAC_DARM_ERR_H1_S5_U_060-809009951-315557569.gwf" link="input" register="true" transfer="true" optional="false" type="data" size="8415922"/>
    <uses file="H-H1_RDS_L4-784721303-1024.gwf" link="input" register="true" transfer="true" optional="false" type="data" size="15591698"/>
    <uses file="H-CAL_REF_DARM_ERR_H1_S5_V1-857419168-8.gwf" link="input" register="true" transfer="true" optional="false" type="data" size="902334"/>
    <uses file="H1-TRIGBANK_H1-832008673-3584.xml" link="input" register="false" transfer="false" optional="false" type="data" size="7942"/>
    <uses file="H1-INSPIRAL_H1-832008673-3584.xml" link="output" register="false" transfer="false" optional="false" type="data" size="294929"/>
  </job>
  <job id="ID00084" namespace="LIGO" name="Inspiral" version="1.0" level="4" runtime="291.77">
    <uses file="HL-INJECTIONS_100-731815779-7202535.xml" link="input" register="true" transfer="true" optional="false" type="data" size="2421423"/>
    <uses file="H-H1_RDS_L4-784721304-1024.gwf" link="input" register="true" transfer="true" optional="false" type="data" size="15579313"/>
    <uses file="H-CAL_FAC_DARM_ERR_H1_S5_U_060-809009951-315557569.gwf" link="input" register="true" transfer="true" optional="false" type="data" size="8415922"/>
    <uses file="H-CAL_REF_DARM_ERR_H1_S5_V1-857419168-8.gwf" link="input" register="true" transfer="true" optional="false" type="data" size="902334"/>
    <uses file="H-H1_RDS_L4-875788865-1024.gwf" link="input" register="true" transfer="true" optional="false" type="data" size="15593432"/>
    <uses file="H1-TRIGBANK_H1-845349299-2055.xml" link="input" register="false" transfer="false" optional="false" type="data" size="17228"/>
    <uses file="H1-INSPIRAL_H1-845349299-2055.xml" link="output" register="false" transfer="false" optional="false" type="data" size="313250"/>
  </job>
  <job id="ID00085" namespace="LIGO" name="Inspiral" version="1.0" level="4" runtime="667.01">
    <uses file="HL-INJECTIONS_100-731815779-7202535.xml" link="input" register="true" transfer="true" optional="false" type="data" size="2421423"/>
    <uses file="H-CAL_FAC_DARM_ERR_H1_S5_U_060-809009951-315557569.gwf" link="input" register="true" transfer="true" optional="false" type="data" size="8415922"/>
    <uses file="H-H1_RDS_L4-875788866-1024.gwf" link="input" register="true" transfer="true" optional="false" type="data" size="15555068"/>
    <uses file="H-CAL_REF_DARM_ERR_H1_S5_V1-857419168-8.gwf" link="input" register="true" transfer="true" optional="false" type="data" size="902334"/>
    <uses file="H-H1_RDS_L4-784721305-1024.gwf" link="input" register="true" transfer="true" optional="false" type="data" size="15580875"/>
    <uses file="H1-TRIGBANK_H1-877836807-9048.xml" link="input" register="false" transfer="false" optional="false" type="data" size="13444"/>
    <uses file="H1-INSPIRAL_H1-877836807-9048.xml" link="output" register="false" transfer="false" optional="false" type="data" size="418674"/>
  </job>
  <job id="ID00086" namespace="LIGO" name="Inspiral" version="1.0" level="4" runtime="442.81">
    <uses file="HL-INJECTIONS_100-731815779-7202535.xml" link="input" register="true" transfer="true" optional="false" type="data" size="2421423"/>
    <uses file="H-H1_RDS_L4-875788867-1024.gwf" link="input" register="true" transfer="true" optional="false" type="data" size="15627627"/>
    <uses file="H-H1_RDS_L4-784721306-1024.gwf" link="input" register="true" transfer="true" optional="false" type="data" size="15595206"/>
    <uses file="H-CAL_FAC_DARM_ERR_H1_S5_U_060-809009951-315557569.gwf" link="input" register="true" transfer="true" optional="false" type="data" size="8415922"/>
    <uses file="H-CAL_REF_DARM_ERR_H1_S5_V1-857419168-8.gwf" link="input" register="true" transfer="true" optional="false" type="data" size="902334"/>
    <uses file="H1-TRIGBANK_H1-773980212-8633.xml" link="input" register="false" transfer="false" optional="false" type="data" size="13951"/>
    <uses file="H1-INSPIRAL_H1-773980212-8633.xml" link="output" register="false" transfer="false" optional="false" type="data" size="293871"/>
  </job>
  <job id="ID00087" namespace="LIGO" name="Inspiral" version="1.0" level="4" runtime="335.40">
    <uses file="HL-INJECTIONS_100-731815779-7202535.xml" link="input" register="true" transfer="true" optional="false" type="data" size="2421423"/>
    <uses file="H-CAL_FAC_DARM_ERR_H1_S5_U_060-809009951-315557569.gwf" link="input" register="true" transfer="true" optional="false" type="data" size="8415922"/>
    <uses file="H-CAL_REF_DARM_ERR_H1_S5_V1-857419168-8.gwf" link="input" register="true" transfer="true" optional="false" type="data" size="902334"/>
    <uses file="H-H1_RDS_L4-784721307-1024.gwf" link="input" register="true" transfer="true" optional="false" type="data" size="15595975"/>
    <uses file="H-H1_RDS_L4-875788868-1024.gwf" link="input" register="true" transfer="true" optional="false" type="data" size="15569697"/>
    <uses file="H1-TRIGBANK_H1-868722672-338.xml" link="input" register="false" transfer="false" optional="false" type="data" size="7506"/>
    <uses file="H1-INSPIRAL_H1-868722672-338.xml" link="output" register="false" transfer="false" optional="false" type="data" size="390030"/>
  </job>
  <job id="ID00088" namespace="LIGO" name="Inspiral" version="1.0" level="4" runtime="449.92">
    <uses file="HL-INJECTIONS_100-731815779-7202535.xml" link="input" register="true" transfer="true" optional="false" type="data" size="2421423"/>
    <uses file="H-H1_RDS_L4-875788869-1024.gwf" link="input" register="true" transfer="true" optional="false" type="data" size="15611532"/>
    <uses file="H-H1_RDS_L4-784721308-1024.gwf" link="input" register="true" transfer="true" optional="false" type="data" size="15587118"/>
    <uses file="H-CAL_FAC_DARM_ERR_H1_S5_U_060-809009951-315557569.gwf" link="input" register="true" transfer="true" optional="false" type="data" size="8415922"/>
    <uses file="H-CAL_REF_DARM_ERR_H1_S5_V1-857419168-8.gwf" link="input" register="true" transfer="true" optional="false" type="data" size="902334"/>
    <uses file="H1-TRIGBANK_H1-738937883-6048.xml" link="input" register="false" transfer="false" optional="false" type="data" size="12465"/>
    <uses file="H1-INSPIRAL_H1-738937883-6048.xml" link="output" register="false" transfer="false" optional="false" type="data" size="253538"/>
  </job>
  <job id="ID00089" namespace="LIGO" name="Inspiral" version="1.0" level="4" runtime="316.27">
    <uses file="HL-INJECTIONS_100-731815779-7202535.xml" link="input" register="true" transfer="true" optional="false" type="data" size="2421423"/>
    <uses file="H-H1_RDS_L4-784721309-1024.gwf" link="input" register="true" transfer="true" optional="false" type="data" size="15607211"/>
    <uses file="H-CAL_FAC_DARM_ERR_H1_S5_U_060-809009951-315557569.gwf" link="input" register="true" transfer="true" optional="false" type="data" size="8415922"/>
    <uses file="H-H1_RDS_L4-875788870-1024.gwf" link="input" register="true" transfer="true" optional="false" type="data" size="15598864"/>
    <uses file="H-CAL_REF_DARM_ERR_H1_S5_V1-857419168-8.gwf" link="input" register="true" transfer="true" optional="false" type="data" size="902334"/>
    <uses file="H1-TRIGBANK_H1-726212635-7828.xml" link="input" register="false" transfer="false" optional="false" type="data" size="8839"/>
    <uses file="H1-INSPIRAL_H1-726212635-7828.xml" link="output" register="false" transfer="false" optional="false" type="data" size="295614"/>
  </job>
  <job id="ID00090" namespace="LIGO" name="Inspiral" version="1.0" level="4" runtime="331.42">
    <uses file="HL-INJECTIONS_100-731815779-7202535.xml" link="input" register="true" transfer="true" optional="false" type="data" size="2421423"/>
    <uses file="H-H1_RDS_L4-875788871-1024.gwf" link="input" register="true" transfer="true" optional="false" type="data" size="15606466"/>
    <uses file="H-H1_RDS_L4-784721310-1024.gwf" link="input" register="true" transfer="true" optional="false" type="data" size="15562558"/>
    <uses file="H-CAL_FAC_DARM_ERR_H1_S5_U_060-809009951-315557569.gwf" link="input" register="true" transfer="true" optional="false" type="data" size="8415922"/>
    <uses file="H-CAL_REF_DARM_ERR_H1_S5_V1-857419168-8.gwf" link="input" register="true" transfer="true" optional="false" type="data" size="902334"/>
    <uses file="H1-TRIGBANK_H1-764623840-3548.xml" link="input" register="false" transfer="false" optional="false" type="data" size="8240"/>
    <uses file="H1-INSPIRAL_H1-764623840-3548.xml" link="output" register="false" transfer="false" optional="false" type="data" size="227673"/>
  </job>
  <job id="ID00091" namespace="LIGO" name="Inspiral" version="1.0" level="4" runtime="301.14">
    <uses file="HL-INJECTIONS_100-731815779-7202535.xml" link="input" register="true" transfer="true" optional="false" type="data" size="2421423"/>
    <uses file="H-H1_RDS_L4-784721311-1024.gwf" link="input" register="true" transfer="true" optional="false" type="data" size="15592347"/>
    <uses file="H-CAL_FAC_DARM_ERR_H1_S5_U_060-809009951-315557569.gwf" link="input" register="true" transfer="true" optional="false" type="data" size="8415922"/>
    <uses file="H-CAL_REF_DARM_ERR_H1_S5_V1-857419168-8.gwf" link="input" register="true" transfer="true" optional="false" type="data" size="902334"/>
    <uses file="H-H1_RDS_L4-875788872-1024.gwf" link="input" register="true" transfer="true" optional="false" type="data" size="15583445"/>
    <uses file="H1-TRIGBANK_H1-876985008-6074.xml" link="input" register="false" transfer="false" optional="false" type="data" size="8693"/>
    <uses file="H1-INSPIRAL_H1-876985008-6074.xml" link="output" register="false" transfer="false" optional="false" type="data" size="314893"/>
  </job>
  <job id="ID00092" namespace="LIGO" name="Inspiral" version="1.0" level="4" runtime="232.71">
    <uses file="HL-INJECTIONS_100-731815779-7202535.xml" link="input" register="true" transfer="true" optional="false" type="data" size="2421423"/>
    <uses file="H-H1_RDS_L4-875788873-1024.gwf" link="input" register="true" transfer="true" optional="false" type="data" size="15563200"/>
    <uses file="H-H1_RDS_L4-784721312-1024.gwf" link="input" register="true" transfer="true" optional="false" type="data" size="15588667"/>
    <uses file="H-CAL_FAC_DARM_ERR_H1_S5_U_060-809009951-315557569.gwf" link="input" register="true" transfer="true" optional="false" type="data" size="8415922"/>
    <uses file="H-CAL_REF_DARM_ERR_H1_S5_V1-857419168-8.gwf" link="input" register="true" transfer="true" optional="false" type="data" size="902334"/>
    <uses file="H1-TRIGBANK_H1-781291849-832.xml" link="input" register="false" transfer="false" optional="false" type="data" size="13212"/>
    <uses file="H1-INSPIRAL_H1-781291849-832.xml" link="output" register="false" transfer="false" optional="false" type="data" size="297216"/>
  </job>
  <job id="ID00093" namespace="LIGO" name="Inspiral" version="1.0" level="4" runtime="509.64">
    <uses file="HL-INJECTIONS_100-731815779-7202535.xml" link="input" register="true" transfer="true" optional="false" type="data" size="2421423"/>
    <uses file="H-H1_RDS_L4-875788874-1024.gwf" link="input" register="true" transfer="true" optional="false" type="data" size="15620028"/>
    <uses file="H-CAL_FAC_DARM_ERR_H1_S5_U_060-809009951-315557569.gwf" link="input" register="true" transfer="true" optional="false" type="data" size="8415922"/>
    <uses file="H-H1_RDS_L4-784721313-1024.gwf" link="input" register="true" transfer="true" optional="false" type="data" size="15590143"/>
    <uses file="H-CAL_REF_DARM_ERR_H1_S5_V1-857419168-8.gwf" link="input" register="true" transfer="true" optional="false" type="data" size="902334"/>
    <uses file="H1-TRIGBANK_H1-822567951-5825.xml" link="input" register="false" transfer="false" optional="false" type="data" size="7589"/>
    <uses file="H1-INSPIRAL_H1-822567951-5825.xml" link="output" register="false" transfer="false" optional="false" type="data" size="174876"/>
  </job>
  <job id="ID00094" namespace="LIGO" name="Inspiral" version="1.0" level="4" runtime="359.02">
    <uses file="HL-INJECTIONS_100-731815779-7202535.xml" link="input" register="true" transfer="true" optional="false" type="data" size="2421423"/>
    <uses file="H-CAL_FAC_DARM_ERR_H1_S5_U_060-809009951-315557569.gwf" link="input" register="true" transfer="true" optional="false" type="data" size="8415922"/>
    <uses file="H-H2_RDS_L4-875788875-1024.gwf" link="input" register="true" transfer="true" optional="false" type="data" size="15569011"/>
    <uses file="H-H2_RDS_L4-784721314-1024.gwf" link="input" register="true" transfer="true" optional="false" type="data" size="15579902"/>
    <uses file="H-CAL_REF_DARM_ERR_H1_S5_V1-857419168-8.gwf" link="input" register="true" transfer="true" optional="false" type="data" size="902334"/>
    <uses file="H1-TRIGBANK_H1-792201683-6100.xml" link="input" register="false" transfer="false" optional="false" type="data" size="10366"/>
    <uses file="H1-INSPIRAL_H1-792201683-6100.xml" link="output" register="false" transfer="false" optional="false" type="data" size="164655"/>
  </job>
  <job id="ID00095" namespace="LIGO" name="Inspiral" version="1.0" level="4" runtime="291.21">
    <uses file="HL-INJECTIONS_100-731815779-7202535.xml" link="input" register="true" transfer="true" optional="false" type="data" size="2421423"/>
    <uses file="H-CAL_FAC_DARM_ERR_H1_S5_U_060-809009951-315557569.gwf" link="input" register="true" transfer="true" optional="false" type="data" size="8415922"/>
    <uses file="H-CAL_REF_DARM_ERR_H1_S5_V1-857419168-8.gwf" link="input" register="true" transfer="true" optional="false" type="data" size="902334"/>
    <uses file="H-H2_RDS_L4-875788876-1024.gwf" link="input" register="true" transfer="true" optional="false" type="data" size="15584503"/>
    <uses file="H-H2_RDS_L4-784721315-1024.gwf" link="input" register="true" transfer="true" optional="false" type="data" size="15585982"/>
    <uses file="H1-TRIGBANK_H1-789467632-4550.xml" link="input" register="false" transfer="false" optional="false" type="data" size="13864"/>
    <uses file="H1-INSPIRAL_H1-789467632-4550.xml" link="output" register="false" transfer="false" optional="false" type="data" size="406369"/>
  </job>
  <job id="ID00096" namespace="LIGO" name="Thinca" version="1.0" level="5" runtime="4.96">
    <uses file="H1-INSPIRAL_H1-795805173-4504.xml" link="input" register="false" transfer="false" optional="false" type="data" size="423191"/>
    <uses file="H1-INSPIRAL_H1-858681008-9199.xml" link="input" register="false" transfer="false" optional="false" type="data" size="313275"/>
    <uses file="H1-INSPIRAL_H1-727981597-2647.xml" link="input" register="false" transfer="false" optional="false" type="data" size="418507"/>
    <uses file="H1-INSPIRAL_H1-790150004-7075.xml" link="input" register="false" transfer="false" optional="false" type="data" size="370391"/>
    <uses file="H1-INSPIRAL_H1-783057138-4615.xml" link="input" register="false" transfer="false" optional="false" type="data" size="361137"/>
    <uses file="H1-INSPIRAL_H1-778345915-9166.xml" link="input" register="false" transfer="false" optional="false" type="data" size="274361"/>
    <uses file="H1-INSPIRAL_H1-756762033-3283.xml" link="input" register="false" transfer="false" optional="false" type="data" size="288783"/>
    <uses file="H1-INSPIRAL_H1-726834808-3583.xml" link="input" register="false" transfer="false" optional="false" type="data" size="280125"/>
    <uses file="H1-INSPIRAL_H1-817819373-1870.xml" link="input" register="false" transfer="false" optional="false" type="data" size="434581"/>
    <uses file="H1-INSPIRAL_H1-840115334-9627.xml" link="input" register="false" transfer="false" optional="false" type="data" size="375404"/>
    <uses file="H1-INSPIRAL_H1-765260571-5063.xml" link="input" register="false" transfer="false" optional="false" type="data" size="455262"/>
    <uses file="H1-INSPIRAL_H1-832008673-3584.xml" link="input" register="false" transfer="false" optional="false" type="data" size="294929"/>
    <uses file="H1-INSPIRAL_H1-845349299-2055.xml" link="input" register="false" transfer="false" optional="false" type="data" size="313250"/>
    <uses file="H1-INSPIRAL_H1-877836807-9048.xml" link="input" register="false" transfer="false" optional="false" type="data" size="418674"/>
    <uses file="H1-INSPIRAL_H1-773980212-8633.xml" link="input" register="false" transfer="false" optional="false" type="data" size="293871"/>
    <uses file="H1-INSPIRAL_H1-868722672-338.xml" link="input" register="false" transfer="false" optional="false" type="data" size="390030"/>
    <uses file="H1-THINCA_H1-868722672-338.xml" link="output" register="true" transfer="true" optional="false" type="data" size="43924"/>
  </job>
  <job id="ID00097" namespace="LIGO" name="Thinca" version="1.0" level="5" runtime="5.46">
    <uses file="H1-INSPIRAL_H1-738937883-6048.xml" link="input" register="false" transfer="false" optional="false" type="data" size="253538"/>
    <uses file="H1-INSPIRAL_H1-726212635-7828.xml" link="input" register="false" transfer="false" optional="false" type="data" size="295614"/>
    <uses file="H1-INSPIRAL_H1-764623840-3548.xml" link="input" register="false" transfer="false" optional="false" type="data" size="227673"/>
    <uses file="H1-THINCA_H1-764623840-3548.xml" link="output" register="true" transfer="true" optional="false" type="data" size="45161"/>
  </job>
  <job id="ID00098" namespace="LIGO" name="Thinca" version="1.0" level="5" runtime="5.31">
    <uses file="H1-INSPIRAL_H1-876985008-6074.xml" link="input" register="false" transfer="false" optional="false" type="data" size="314893"/>
    <uses file="H1-INSPIRAL_H1-781291849-832.xml" link="input" register="false" transfer="false" optional="false" type="data" size="297216"/>
    <uses file="H1-INSPIRAL_H1-822567951-5825.xml" link="input" register="false" transfer="false" optional="false" type="data" size="174876"/>
    <uses file="H1-THINCA_H1-822567951-5825.xml" link="output" register="true" transfer="true" optional="false" type="data" size="20719"/>
  </job>
  <job id="ID00099" namespace="LIGO" name="Thinca" version="1.0" level="5" runtime="5.61">
    <uses file="H1-INSPIRAL_H1-792201683-6100.xml" link="input" register="false" transfer="false" optional="false" type="data" size="164655"/>
    <uses file="H1-INSPIRAL_H1-789467632-4550.xml" link="input" register="false" transfer="false" optional="false" type="data" size="406369"/>
    <uses file="H1-THINCA_H1-789467632-4550.xml" link="output" register="true" transfer="true" optional="false" type="data" size="37079"/>
  </job>
<!-- part 3: list of control-flow dependencies (may be empty) -->
  <child ref="ID00022">
    <parent ref="ID00000"/>
  </child>
  <child ref="ID00023">
    <parent ref="ID00001"/>
  </child>
  <child ref="ID00024">
    <parent ref="ID00002"/>
  </child>
  <child ref="ID00025">
    <parent ref="ID00003"/>
  </child>
  <child ref="ID00026">
    <parent ref="ID00004"/>
  </child>
  <child ref="ID00027">
    <parent ref="ID00005"/>
  </child>
  <child ref="ID00028">
    <parent ref="ID00006"/>
  </child>
  <child ref="ID00029">
    <parent ref="ID00007"/>
  </child>
  <child ref="ID00030">
    <parent ref="ID00008"/>
  </child>
  <child ref="ID00031">
    <parent ref="ID00009"/>
  </child>
  <child ref="ID00032">
    <parent ref="ID00010"/>
  </child>
  <child ref="ID00033">
    <parent ref="ID00011"/>
  </child>
  <child ref="ID00034">
    <parent ref="ID00012"/>
  </child>
  <child ref="ID00035">
    <parent ref="ID00013"/>
  </child>
  <child ref="ID00036">
    <parent ref="ID00014"/>
  </child>
  <child ref="ID00037">
    <parent ref="ID00015"/>
  </child>
  <child ref="ID00038">
    <parent ref="ID00016"/>
  </child>
  <child ref="ID00039">
    <parent ref="ID00017"/>
  </child>
  <child ref="ID00040">
    <parent ref="ID00018"/>
  </child>
  <child ref="ID00041">
    <parent ref="ID00019"/>
  </child>
  <child ref="ID00042">
    <parent ref="ID00020"/>
  </child>
  <child ref="ID00043">
    <parent ref="ID00021"/>
  </child>
  <child ref="ID00044">
    <parent ref="ID00034"/>
    <parent ref="ID00035"/>
    <parent ref="ID00032"/>
    <parent ref="ID00033"/>
    <parent ref="ID00030"/>
    <parent ref="ID00031"/>
    <parent ref="ID00022"/>
    <parent ref="ID00023"/>
    <parent ref="ID00024"/>
    <parent ref="ID00025"/>
    <parent ref="ID00026"/>
    <parent ref="ID00027"/>
    <parent ref="ID00028"/>
    <parent ref="ID00029"/>
    <parent ref="ID00036"/>
    <parent ref="ID00037"/>
  </child>
  <child ref="ID00045">
    <parent ref="ID00040"/>
    <parent ref="ID00038"/>
    <parent ref="ID00039"/>
  </child>
  <child ref="ID00046">
    <parent ref="ID00043"/>
    <parent ref="ID00041"/>
    <parent ref="ID00042"/>
  </child>
  <child ref="ID00047">
    <parent ref="ID00043"/>
    <parent ref="ID00042"/>
  </child>
  <child ref="ID00048">
    <parent ref="ID00044"/>
  </child>
  <child ref="ID00049">
    <parent ref="ID00044"/>
  </child>
  <child ref="ID00050">
    <parent ref="ID00044"/>
  </child>
  <child ref="ID00051">
    <parent ref="ID00044"/>
  </child>
  <child ref="ID00052">
    <parent ref="ID00044"/>
  </child>
  <child ref="ID00053">
    <parent ref="ID00044"/>
  </child>
  <child ref="ID00054">
    <parent ref="ID00044"/>
  </child>
  <child ref="ID00055">
    <parent ref="ID00044"/>
  </child>
  <child ref="ID00056">
    <parent ref="ID00044"/>
  </child>
  <child ref="ID00057">
    <parent ref="ID00044"/>
  </child>
  <child ref="ID00058">
    <parent ref="ID00044"/>
  </child>
  <child ref="ID00059">
    <parent ref="ID00044"/>
  </child>
  <child ref="ID00060">
    <parent ref="ID00044"/>
  </child>
  <child ref="ID00061">
    <parent ref="ID00044"/>
  </child>
  <child ref="ID00062">
    <parent ref="ID00044"/>
  </child>
  <child ref="ID00063">
    <parent ref="ID00044"/>
  </child>
  <child ref="ID00064">
    <parent ref="ID00045"/>
  </child>
  <child ref="ID00065">
    <parent ref="ID00045"/>
  </child>
  <child ref="ID00066">
    <parent ref="ID00045"/>
  </child>
  <child ref="ID00067">
    <parent ref="ID00046"/>
  </child>
  <child ref="ID00068">
    <parent ref="ID00046"/>
  </child>
  <child ref="ID00069">
    <parent ref="ID00046"/>
  </child>
  <child ref="ID00070">
    <parent ref="ID00047"/>
  </child>
  <child ref="ID00071">
    <parent ref="ID00047"/>
  </child>
  <child ref="ID00072">
    <parent ref="ID00048"/>
  </child>
  <child ref="ID00073">
    <parent ref="ID00049"/>
  </child>
  <child ref="ID00074">
    <parent ref="ID00050"/>
  </child>
  <child ref="ID00075">
    <parent ref="ID00051"/>
  </child>
  <child ref="ID00076">
    <parent ref="ID00052"/>
  </child>
  <child ref="ID00077">
    <parent ref="ID00053"/>
  </child>
  <child ref="ID00078">
    <parent ref="ID00054"/>
  </child>
  <child ref="ID00079">
    <parent ref="ID00055"/>
  </child>
  <child ref="ID00080">
    <parent ref="ID00056"/>
  </child>
  <child ref="ID00081">
    <parent ref="ID00057"/>
  </child>
  <child ref="ID00082">
    <parent ref="ID00058"/>
  </child>
  <child ref="ID00083">
    <parent ref="ID00059"/>
  </child>
  <child ref="ID00084">
    <parent ref="ID00060"/>
  </child>
  <child ref="ID00085">
    <parent ref="ID00061"/>
  </child>
  <child ref="ID00086">
    <parent ref="ID00062"/>
  </child>
  <child ref="ID00087">
    <parent ref="ID00063"/>
  </child>
  <child ref="ID00088">
    <parent ref="ID00064"/>
  </child>
  <child ref="ID00089">
    <parent ref="ID00065"/>
  </child>
  <child ref="ID00090">
    <parent ref="ID00066"/>
  </child>
  <child ref="ID00091">
    <parent ref="ID00067"/>
  </child>
  <child ref="ID00092">
    <parent ref="ID00068"/>
  </child>
  <child ref="ID00093">
    <parent ref="ID00069"/>
  </child>
  <child ref="ID00094">
    <parent ref="ID00070"/>
  </child>
  <child ref="ID00095">
    <parent ref="ID00071"/>
  </child>
  <child ref="ID00096">
    <parent ref="ID00080"/>
    <parent ref="ID00081"/>
    <parent ref="ID00082"/>
    <parent ref="ID00079"/>
    <parent ref="ID00087"/>
    <parent ref="ID00078"/>
    <parent ref="ID00077"/>
    <parent ref="ID00076"/>
    <parent ref="ID00084"/>
    <parent ref="ID00075"/>
    <parent ref="ID00074"/>
    <parent ref="ID00083"/>
    <parent ref="ID00086"/>
    <parent ref="ID00073"/>
    <parent ref="ID00085"/>
    <parent ref="ID00072"/>
  </child>
  <child ref="ID00097">
    <parent ref="ID00088"/>
    <parent ref="ID00089"/>
    <parent ref="ID00090"/>
  </child>
  <child ref="ID00098">
    <parent ref="ID00091"/>
    <parent ref="ID00093"/>
    <parent ref="ID00092"/>
  </child>
  <child ref="ID00099">
    <parent ref="ID00094"/>
    <parent ref="ID00095"/>
  </child>
</adag>
