<?xml version="1.0" encoding="UTF-8"?>
<!-- generated: 2018-01-03T19:39:25+03:30 -->
<!-- generated by: Me [??] -->
<adag xmlns="http://pegasus.isi.edu/schema/DAX" xmlns:xsi="http://www.w3.org/2001/XMLSchema-instance" xsi:schemaLocation="http://pegasus.isi.edu/schema/DAX http://pegasus.isi.edu/schema/dax-2.1.xsd" version="2.1" count="1" index="0" name="test" jobCount="50" fileCount="0" childCount="39">
<!-- part 1: list of all referenced files (may be empty) -->
<!-- part 2: definition of all jobs (at least one) -->
  <job id="ID00000" namespace="LIGO" name="TmpltBank" version="1.0" level="0" runtime="17.76">
    <uses file="H-H1_RDS_L4-875788853-1024.gwf" link="input" register="true" transfer="true" optional="false" type="data" size="15609730"/>
    <uses file="H-CAL_FAC_DARM_ERR_H1_S5_U_060-809009951-315557569.gwf" link="input" register="true" transfer="true" optional="false" type="data" size="8415922"/>
    <uses file="H-H1_RDS_L4-784721292-1024.gwf" link="input" register="true" transfer="true" optional="false" type="data" size="15601911"/>
    <uses file="H-CAL_REF_DARM_ERR_H1_S5_V1-857419168-8.gwf" link="input" register="true" transfer="true" optional="false" type="data" size="902334"/>
    <uses file="H1-TMPLTBANK-839120292-2048.xml" link="output" register="false" transfer="false" optional="false" type="data" size="978865"/>
  </job>
  <job id="ID00001" namespace="LIGO" name="TmpltBank" version="1.0" level="0" runtime="17.65">
    <uses file="H-H1_RDS_L4-784721293-1024.gwf" link="input" register="true" transfer="true" optional="false" type="data" size="15614977"/>
    <uses file="H-H1_RDS_L4-875788854-1024.gwf" link="input" register="true" transfer="true" optional="false" type="data" size="15598531"/>
    <uses file="H-CAL_FAC_DARM_ERR_H1_S5_U_060-809009951-315557569.gwf" link="input" register="true" transfer="true" optional="false" type="data" size="8415922"/>
    <uses file="H-CAL_REF_DARM_ERR_H1_S5_V1-857419168-8.gwf" link="input" register="true" transfer="true" optional="false" type="data" size="902334"/>
    <uses file="H1-TMPLTBANK-794578337-2048.xml" link="output" register="false" transfer="false" optional="false" type="data" size="961506"/>
  </job>
  <job id="ID00002" namespace="LIGO" name="TmpltBank" version="1.0" level="0" runtime="17.38">
    <uses file="H-H1_RDS_L4-875788855-1024.gwf" link="input" register="true" transfer="true" optional="false" type="data" size="15574195"/>
    <uses file="H-H1_RDS_L4-784721294-1024.gwf" link="input" register="true" transfer="true" optional="false" type="data" size="15592196"/>
    <uses file="H-CAL_FAC_DARM_ERR_H1_S5_U_060-809009951-315557569.gwf" link="input" register="true" transfer="true" optional="false" type="data" size="8415922"/>
    <uses file="H-CAL_REF_DARM_ERR_H1_S5_V1-857419168-8.gwf" link="input" register="true" transfer="true" optional="false" type="data" size="902334"/>
    <uses file="H1-TMPLTBANK-766847912-2048.xml" link="output" register="false" transfer="false" optional="false" type="data" size="976916"/>
  </job>
  <job id="ID00003" namespace="LIGO" name="TmpltBank" version="1.0" level="0" runtime="17.74">
    <uses file="H-H1_RDS_L4-784721295-1024.gwf" link="input" register="true" transfer="true" optional="false" type="data" size="15597318"/>
    <uses file="H-H1_RDS_L4-875788856-1024.gwf" link="input" register="true" transfer="true" optional="false" type="data" size="15558808"/>
    <uses file="H-CAL_FAC_DARM_ERR_H1_S5_U_060-809009951-315557569.gwf" link="input" register="true" transfer="true" optional="false" type="data" size="8415922"/>
    <uses file="H-CAL_REF_DARM_ERR_H1_S5_V1-857419168-8.gwf" link="input" register="true" transfer="true" optional="false" type="data" size="902334"/>
    <uses file="H1-TMPLTBANK-778013591-2048.xml" link="output" register="false" transfer="false" optional="false" type="data" size="997259"/>
  </job>
  <job id="ID00004" namespace="LIGO" name="TmpltBank" version="1.0" level="0" runtime="18.72">
    <uses file="H-CAL_FAC_DARM_ERR_H1_S5_U_060-809009951-315557569.gwf" link="input" register="true" transfer="true" optional="false" type="data" size="8415922"/>
    <uses file="H-H1_RDS_L4-784721296-1024.gwf" link="input" register="true" transfer="true" optional="false" type="data" size="15615733"/>
    <uses file="H-CAL_REF_DARM_ERR_H1_S5_V1-857419168-8.gwf" link="input" register="true" transfer="true" optional="false" type="data" size="902334"/>
    <uses file="H-H1_RDS_L4-875788857-1024.gwf" link="input" register="true" transfer="true" optional="false" type="data" size="15606809"/>
    <uses file="H1-TMPLTBANK-815149986-2048.xml" link="output" register="false" transfer="false" optional="false" type="data" size="977843"/>
  </job>
  <job id="ID00005" namespace="LIGO" name="TmpltBank" version="1.0" level="0" runtime="18.03">
    <uses file="H-H1_RDS_L4-875788858-1024.gwf" link="input" register="true" transfer="true" optional="false" type="data" size="15583252"/>
    <uses file="H-CAL_FAC_DARM_ERR_H1_S5_U_060-809009951-315557569.gwf" link="input" register="true" transfer="true" optional="false" type="data" size="8415922"/>
    <uses file="H-H1_RDS_L4-784721297-1024.gwf" link="input" register="true" transfer="true" optional="false" type="data" size="15590808"/>
    <uses file="H-CAL_REF_DARM_ERR_H1_S5_V1-857419168-8.gwf" link="input" register="true" transfer="true" optional="false" type="data" size="902334"/>
    <uses file="H1-TMPLTBANK-777634606-2048.xml" link="output" register="false" transfer="false" optional="false" type="data" size="932634"/>
  </job>
  <job id="ID00006" namespace="LIGO" name="TmpltBank" version="1.0" level="0" runtime="17.90">
    <uses file="H-CAL_FAC_DARM_ERR_H1_S5_U_060-809009951-315557569.gwf" link="input" register="true" transfer="true" optional="false" type="data" size="8415922"/>
    <uses file="H-H1_RDS_L4-784721298-1024.gwf" link="input" register="true" transfer="true" optional="false" type="data" size="15572345"/>
    <uses file="H-CAL_REF_DARM_ERR_H1_S5_V1-857419168-8.gwf" link="input" register="true" transfer="true" optional="false" type="data" size="902334"/>
    <uses file="H-H1_RDS_L4-875788859-1024.gwf" link="input" register="true" transfer="true" optional="false" type="data" size="15622124"/>
    <uses file="H1-TMPLTBANK-847629615-2048.xml" link="output" register="false" transfer="false" optional="false" type="data" size="973538"/>
  </job>
  <job id="ID00007" namespace="LIGO" name="TmpltBank" version="1.0" level="0" runtime="17.74">
    <uses file="H-H1_RDS_L4-784721299-1024.gwf" link="input" register="true" transfer="true" optional="false" type="data" size="15595184"/>
    <uses file="H-CAL_FAC_DARM_ERR_H1_S5_U_060-809009951-315557569.gwf" link="input" register="true" transfer="true" optional="false" type="data" size="8415922"/>
    <uses file="H-H1_RDS_L4-875788860-1024.gwf" link="input" register="true" transfer="true" optional="false" type="data" size="15570923"/>
    <uses file="H-CAL_REF_DARM_ERR_H1_S5_V1-857419168-8.gwf" link="input" register="true" transfer="true" optional="false" type="data" size="902334"/>
    <uses file="H1-TMPLTBANK-804655209-2048.xml" link="output" register="false" transfer="false" optional="false" type="data" size="991988"/>
  </job>
  <job id="ID00008" namespace="LIGO" name="TmpltBank" version="1.0" level="0" runtime="17.52">
    <uses file="H-H1_RDS_L4-784721300-1024.gwf" link="input" register="true" transfer="true" optional="false" type="data" size="15601281"/>
    <uses file="H-CAL_FAC_DARM_ERR_H1_S5_U_060-809009951-315557569.gwf" link="input" register="true" transfer="true" optional="false" type="data" size="8415922"/>
    <uses file="H-CAL_REF_DARM_ERR_H1_S5_V1-857419168-8.gwf" link="input" register="true" transfer="true" optional="false" type="data" size="902334"/>
    <uses file="H-H1_RDS_L4-875788861-1024.gwf" link="input" register="true" transfer="true" optional="false" type="data" size="15622388"/>
    <uses file="H1-TMPLTBANK-785648543-2048.xml" link="output" register="false" transfer="false" optional="false" type="data" size="945876"/>
  </job>
  <job id="ID00009" namespace="LIGO" name="TmpltBank" version="1.0" level="0" runtime="17.86">
    <uses file="H-CAL_FAC_DARM_ERR_H1_S5_U_060-809009951-315557569.gwf" link="input" register="true" transfer="true" optional="false" type="data" size="8415922"/>
    <uses file="H-H1_RDS_L4-875788862-1024.gwf" link="input" register="true" transfer="true" optional="false" type="data" size="15638809"/>
    <uses file="H-H1_RDS_L4-784721301-1024.gwf" link="input" register="true" transfer="true" optional="false" type="data" size="15599212"/>
    <uses file="H-CAL_REF_DARM_ERR_H1_S5_V1-857419168-8.gwf" link="input" register="true" transfer="true" optional="false" type="data" size="902334"/>
    <uses file="H1-TMPLTBANK-779858182-2048.xml" link="output" register="false" transfer="false" optional="false" type="data" size="1019482"/>
  </job>
  <job id="ID00010" namespace="LIGO" name="TmpltBank" version="1.0" level="0" runtime="18.32">
    <uses file="H-H1_RDS_L4-875788863-1024.gwf" link="input" register="true" transfer="true" optional="false" type="data" size="15608110"/>
    <uses file="H-CAL_FAC_DARM_ERR_H1_S5_U_060-809009951-315557569.gwf" link="input" register="true" transfer="true" optional="false" type="data" size="8415922"/>
    <uses file="H-H1_RDS_L4-784721302-1024.gwf" link="input" register="true" transfer="true" optional="false" type="data" size="15590849"/>
    <uses file="H-CAL_REF_DARM_ERR_H1_S5_V1-857419168-8.gwf" link="input" register="true" transfer="true" optional="false" type="data" size="902334"/>
    <uses file="H1-TMPLTBANK-842286521-2048.xml" link="output" register="false" transfer="false" optional="false" type="data" size="974243"/>
  </job>
  <job id="ID00011" namespace="LIGO" name="Inspiral" version="1.0" level="1" runtime="536.96">
    <uses file="HL-INJECTIONS_100-731815779-7202535.xml" link="input" register="true" transfer="true" optional="false" type="data" size="2421423"/>
    <uses file="H-H1_RDS_L4-875788853-1024.gwf" link="input" register="true" transfer="true" optional="false" type="data" size="15609730"/>
    <uses file="H-CAL_FAC_DARM_ERR_H1_S5_U_060-809009951-315557569.gwf" link="input" register="true" transfer="true" optional="false" type="data" size="8415922"/>
    <uses file="H-H1_RDS_L4-784721292-1024.gwf" link="input" register="true" transfer="true" optional="false" type="data" size="15601911"/>
    <uses file="H-CAL_REF_DARM_ERR_H1_S5_V1-857419168-8.gwf" link="input" register="true" transfer="true" optional="false" type="data" size="902334"/>
    <uses file="H1-TMPLTBANK-839120292-2048.xml" link="input" register="false" transfer="false" optional="false" type="data" size="978865"/>
    <uses file="H1-INSPIRAL-839120292-2048.xml" link="output" register="false" transfer="false" optional="false" type="data" size="202417"/>
  </job>
  <job id="ID00012" namespace="LIGO" name="Inspiral" version="1.0" level="1" runtime="376.77">
    <uses file="HL-INJECTIONS_100-731815779-7202535.xml" link="input" register="true" transfer="true" optional="false" type="data" size="2421423"/>
    <uses file="H-H1_RDS_L4-784721293-1024.gwf" link="input" register="true" transfer="true" optional="false" type="data" size="15614977"/>
    <uses file="H-H1_RDS_L4-875788854-1024.gwf" link="input" register="true" transfer="true" optional="false" type="data" size="15598531"/>
    <uses file="H-CAL_FAC_DARM_ERR_H1_S5_U_060-809009951-315557569.gwf" link="input" register="true" transfer="true" optional="false" type="data" size="8415922"/>
    <uses file="H-CAL_REF_DARM_ERR_H1_S5_V1-857419168-8.gwf" link="input" register="true" transfer="true" optional="false" type="data" size="902334"/>
    <uses file="H1-TMPLTBANK-794578337-2048.xml" link="input" register="false" transfer="false" optional="false" type="data" size="961506"/>
    <uses file="H1-INSPIRAL-794578337-2048.xml" link="output" register="false" transfer="false" optional="false" type="data" size="416693"/>
  </job>
  <job id="ID00013" namespace="LIGO" name="Inspiral" version="1.0" level="1" runtime="645.88">
    <uses file="HL-INJECTIONS_100-731815779-7202535.xml" link="input" register="true" transfer="true" optional="false" type="data" size="2421423"/>
    <uses file="H-H1_RDS_L4-875788855-1024.gwf" link="input" register="true" transfer="true" optional="false" type="data" size="15574195"/>
    <uses file="H-H1_RDS_L4-784721294-1024.gwf" link="input" register="true" transfer="true" optional="false" type="data" size="15592196"/>
    <uses file="H-CAL_FAC_DARM_ERR_H1_S5_U_060-809009951-315557569.gwf" link="input" register="true" transfer="true" optional="false" type="data" size="8415922"/>
    <uses file="H-CAL_REF_DARM_ERR_H1_S5_V1-857419168-8.gwf" link="input" register="true" transfer="true" optional="false" type="data" size="902334"/>
    <uses file="H1-TMPLTBANK-766847912-2048.xml" link="input" register="false" transfer="false" optional="false" type="data" size="976916"/>
    <uses file="H1-INSPIRAL-766847912-2048.xml" link="output" register="false" transfer="false" optional="false" type="data" size="212089"/>
  </job>
  <job id="ID00014" namespace="LIGO" name="Inspiral" version="1.0" level="1" runtime="466.45">
    <uses file="HL-INJECTIONS_100-731815779-7202535.xml" link="input" register="true" transfer="true" optional="false" type="data" size="2421423"/>
    <uses file="H-H1_RDS_L4-784721295-1024.gwf" link="input" register="true" transfer="true" optional="false" type="data" size="15597318"/>
    <uses file="H-H1_RDS_L4-875788856-1024.gwf" link="input" register="true" transfer="true" optional="false" type="data" size="15558808"/>
    <uses file="H-CAL_FAC_DARM_ERR_H1_S5_U_060-809009951-315557569.gwf" link="input" register="true" transfer="true" optional="false" type="data" size="8415922"/>
    <uses file="H-CAL_REF_DARM_ERR_H1_S5_V1-857419168-8.gwf" link="input" register="true" transfer="true" optional="false" type="data" size="902334"/>
    <uses file="H1-TMPLTBANK-778013591-2048.xml" link="input" register="false" transfer="false" optional="false" type="data" size="997259"/>
    <uses file="H1-INSPIRAL-778013591-2048.xml" link="output" register="false" transfer="false" optional="false" type="data" size="194678"/>
  </job>
  <job id="ID00015" namespace="LIGO" name="Inspiral" version="1.0" level="1" runtime="547.90">
    <uses file="HL-INJECTIONS_100-731815779-7202535.xml" link="input" register="true" transfer="true" optional="false" type="data" size="2421423"/>
    <uses file="H-CAL_FAC_DARM_ERR_H1_S5_U_060-809009951-315557569.gwf" link="input" register="true" transfer="true" optional="false" type="data" size="8415922"/>
    <uses file="H-H1_RDS_L4-784721296-1024.gwf" link="input" register="true" transfer="true" optional="false" type="data" size="15615733"/>
    <uses file="H-CAL_REF_DARM_ERR_H1_S5_V1-857419168-8.gwf" link="input" register="true" transfer="true" optional="false" type="data" size="902334"/>
    <uses file="H-H1_RDS_L4-875788857-1024.gwf" link="input" register="true" transfer="true" optional="false" type="data" size="15606809"/>
    <uses file="H1-TMPLTBANK-815149986-2048.xml" link="input" register="false" transfer="false" optional="false" type="data" size="977843"/>
    <uses file="H1-INSPIRAL-815149986-2048.xml" link="output" register="false" transfer="false" optional="false" type="data" size="438728"/>
  </job>
  <job id="ID00016" namespace="LIGO" name="Inspiral" version="1.0" level="1" runtime="560.77">
    <uses file="HL-INJECTIONS_100-731815779-7202535.xml" link="input" register="true" transfer="true" optional="false" type="data" size="2421423"/>
    <uses file="H-H1_RDS_L4-875788858-1024.gwf" link="input" register="true" transfer="true" optional="false" type="data" size="15583252"/>
    <uses file="H-CAL_FAC_DARM_ERR_H1_S5_U_060-809009951-315557569.gwf" link="input" register="true" transfer="true" optional="false" type="data" size="8415922"/>
    <uses file="H-H1_RDS_L4-784721297-1024.gwf" link="input" register="true" transfer="true" optional="false" type="data" size="15590808"/>
    <uses file="H-CAL_REF_DARM_ERR_H1_S5_V1-857419168-8.gwf" link="input" register="true" transfer="true" optional="false" type="data" size="902334"/>
    <uses file="H1-TMPLTBANK-777634606-2048.xml" link="input" register="false" transfer="false" optional="false" type="data" size="932634"/>
    <uses file="H1-INSPIRAL-777634606-2048.xml" link="output" register="false" transfer="false" optional="false" type="data" size="169967"/>
  </job>
  <job id="ID00017" namespace="LIGO" name="Inspiral" version="1.0" level="1" runtime="482.92">
    <uses file="HL-INJECTIONS_100-731815779-7202535.xml" link="input" register="true" transfer="true" optional="false" type="data" size="2421423"/>
    <uses file="H-CAL_FAC_DARM_ERR_H1_S5_U_060-809009951-315557569.gwf" link="input" register="true" transfer="true" optional="false" type="data" size="8415922"/>
    <uses file="H-H1_RDS_L4-784721298-1024.gwf" link="input" register="true" transfer="true" optional="false" type="data" size="15572345"/>
    <uses file="H-CAL_REF_DARM_ERR_H1_S5_V1-857419168-8.gwf" link="input" register="true" transfer="true" optional="false" type="data" size="902334"/>
    <uses file="H-H1_RDS_L4-875788859-1024.gwf" link="input" register="true" transfer="true" optional="false" type="data" size="15622124"/>
    <uses file="H1-TMPLTBANK-847629615-2048.xml" link="input" register="false" transfer="false" optional="false" type="data" size="973538"/>
    <uses file="H1-INSPIRAL-847629615-2048.xml" link="output" register="false" transfer="false" optional="false" type="data" size="206929"/>
  </job>
  <job id="ID00018" namespace="LIGO" name="Inspiral" version="1.0" level="1" runtime="589.34">
    <uses file="HL-INJECTIONS_100-731815779-7202535.xml" link="input" register="true" transfer="true" optional="false" type="data" size="2421423"/>
    <uses file="H-H1_RDS_L4-784721299-1024.gwf" link="input" register="true" transfer="true" optional="false" type="data" size="15595184"/>
    <uses file="H-CAL_FAC_DARM_ERR_H1_S5_U_060-809009951-315557569.gwf" link="input" register="true" transfer="true" optional="false" type="data" size="8415922"/>
    <uses file="H-H1_RDS_L4-875788860-1024.gwf" link="input" register="true" transfer="true" optional="false" type="data" size="15570923"/>
    <uses file="H-CAL_REF_DARM_ERR_H1_S5_V1-857419168-8.gwf" link="input" register="true" transfer="true" optional="false" type="data" size="902334"/>
    <uses file="H1-TMPLTBANK-804655209-2048.xml" link="input" register="false" transfer="false" optional="false" type="data" size="991988"/>
    <uses file="H1-INSPIRAL-804655209-2048.xml" link="output" register="false" transfer="false" optional="false" type="data" size="246140"/>
  </job>
  <job id="ID00019" namespace="LIGO" name="Inspiral" version="1.0" level="1" runtime="469.80">
    <uses file="HL-INJECTIONS_100-731815779-7202535.xml" link="input" register="true" transfer="true" optional="false" type="data" size="2421423"/>
    <uses file="H-H1_RDS_L4-784721300-1024.gwf" link="input" register="true" transfer="true" optional="false" type="data" size="15601281"/>
    <uses file="H-CAL_FAC_DARM_ERR_H1_S5_U_060-809009951-315557569.gwf" link="input" register="true" transfer="true" optional="false" type="data" size="8415922"/>
    <uses file="H-CAL_REF_DARM_ERR_H1_S5_V1-857419168-8.gwf" link="input" register="true" transfer="true" optional="false" type="data" size="902334"/>
    <uses file="H-H1_RDS_L4-875788861-1024.gwf" link="input" register="true" transfer="true" optional="false" type="data" size="15622388"/>
    <uses file="H1-TMPLTBANK-785648543-2048.xml" link="input" register="false" transfer="false" optional="false" type="data" size="945876"/>
    <uses file="H1-INSPIRAL-785648543-2048.xml" link="output" register="false" transfer="false" optional="false" type="data" size="235404"/>
  </job>
  <job id="ID00020" namespace="LIGO" name="Inspiral" version="1.0" level="1" runtime="343.58">
    <uses file="HL-INJECTIONS_100-731815779-7202535.xml" link="input" register="true" transfer="true" optional="false" type="data" size="2421423"/>
    <uses file="H-CAL_FAC_DARM_ERR_H1_S5_U_060-809009951-315557569.gwf" link="input" register="true" transfer="true" optional="false" type="data" size="8415922"/>
    <uses file="H-H1_RDS_L4-875788862-1024.gwf" link="input" register="true" transfer="true" optional="false" type="data" size="15638809"/>
    <uses file="H-H1_RDS_L4-784721301-1024.gwf" link="input" register="true" transfer="true" optional="false" type="data" size="15599212"/>
    <uses file="H-CAL_REF_DARM_ERR_H1_S5_V1-857419168-8.gwf" link="input" register="true" transfer="true" optional="false" type="data" size="902334"/>
    <uses file="H1-TMPLTBANK-779858182-2048.xml" link="input" register="false" transfer="false" optional="false" type="data" size="1019482"/>
    <uses file="H1-INSPIRAL-779858182-2048.xml" link="output" register="false" transfer="false" optional="false" type="data" size="304371"/>
  </job>
  <job id="ID00021" namespace="LIGO" name="Inspiral" version="1.0" level="1" runtime="645.71">
    <uses file="HL-INJECTIONS_100-731815779-7202535.xml" link="input" register="true" transfer="true" optional="false" type="data" size="2421423"/>
    <uses file="H-H1_RDS_L4-875788863-1024.gwf" link="input" register="true" transfer="true" optional="false" type="data" size="15608110"/>
    <uses file="H-CAL_FAC_DARM_ERR_H1_S5_U_060-809009951-315557569.gwf" link="input" register="true" transfer="true" optional="false" type="data" size="8415922"/>
    <uses file="H-H1_RDS_L4-784721302-1024.gwf" link="input" register="true" transfer="true" optional="false" type="data" size="15590849"/>
    <uses file="H-CAL_REF_DARM_ERR_H1_S5_V1-857419168-8.gwf" link="input" register="true" transfer="true" optional="false" type="data" size="902334"/>
    <uses file="H1-TMPLTBANK-842286521-2048.xml" link="input" register="false" transfer="false" optional="false" type="data" size="974243"/>
    <uses file="H1-INSPIRAL-842286521-2048.xml" link="output" register="false" transfer="false" optional="false" type="data" size="277330"/>
  </job>
  <job id="ID00022" namespace="LIGO" name="Thinca" version="1.0" level="2" runtime="5.39">
    <uses file="H1-INSPIRAL-839120292-2048.xml" link="input" register="false" transfer="false" optional="false" type="data" size="202417"/>
    <uses file="H1-INSPIRAL-794578337-2048.xml" link="input" register="false" transfer="false" optional="false" type="data" size="416693"/>
    <uses file="H1-INSPIRAL-766847912-2048.xml" link="input" register="false" transfer="false" optional="false" type="data" size="212089"/>
    <uses file="H1-INSPIRAL-778013591-2048.xml" link="input" register="false" transfer="false" optional="false" type="data" size="194678"/>
    <uses file="H1-INSPIRAL-815149986-2048.xml" link="input" register="false" transfer="false" optional="false" type="data" size="438728"/>
    <uses file="H1-INSPIRAL-777634606-2048.xml" link="input" register="false" transfer="false" optional="false" type="data" size="169967"/>
    <uses file="H1-INSPIRAL-847629615-2048.xml" link="input" register="false" transfer="false" optional="false" type="data" size="206929"/>
    <uses file="H1-INSPIRAL-804655209-2048.xml" link="input" register="false" transfer="false" optional="false" type="data" size="246140"/>
    <uses file="H1-THINCA-847629615-2048.xml" link="output" register="false" transfer="false" optional="false" type="data" size="36126"/>
  </job>
  <job id="ID00023" namespace="LIGO" name="Thinca" version="1.0" level="2" runtime="4.80">
    <uses file="H1-INSPIRAL-804655209-2048.xml" link="input" register="false" transfer="false" optional="false" type="data" size="424440"/>
    <uses file="H1-INSPIRAL-785648543-2048.xml" link="input" register="false" transfer="false" optional="false" type="data" size="235404"/>
    <uses file="H1-INSPIRAL-779858182-2048.xml" link="input" register="false" transfer="false" optional="false" type="data" size="304371"/>
    <uses file="H1-INSPIRAL-842286521-2048.xml" link="input" register="false" transfer="false" optional="false" type="data" size="277330"/>
    <uses file="H1-THINCA-785648543-2048.xml" link="output" register="false" transfer="false" optional="false" type="data" size="25041"/>
  </job>
  <job id="ID00024" namespace="LIGO" name="TrigBank" version="1.0" level="3" runtime="5.33">
    <uses file="H1-THINCA-847629615-2048.xml" link="input" register="false" transfer="false" optional="false" type="data" size="36126"/>
    <uses file="H1-TRIGBANK_H1-877190773-4992.xml" link="output" register="false" transfer="false" optional="false" type="data" size="7544"/>
  </job>
  <job id="ID00025" namespace="LIGO" name="TrigBank" version="1.0" level="3" runtime="5.76">
    <uses file="H1-THINCA-847629615-2048.xml" link="input" register="false" transfer="false" optional="false" type="data" size="49525"/>
    <uses file="H1-TRIGBANK_H1-849450734-9917.xml" link="output" register="false" transfer="false" optional="false" type="data" size="14811"/>
  </job>
  <job id="ID00026" namespace="LIGO" name="TrigBank" version="1.0" level="3" runtime="4.26">
    <uses file="H1-THINCA-847629615-2048.xml" link="input" register="false" transfer="false" optional="false" type="data" size="31657"/>
    <uses file="H1-TRIGBANK_H1-812843312-3273.xml" link="output" register="false" transfer="false" optional="false" type="data" size="11227"/>
  </job>
  <job id="ID00027" namespace="LIGO" name="TrigBank" version="1.0" level="3" runtime="4.81">
    <uses file="H1-THINCA-847629615-2048.xml" link="input" register="false" transfer="false" optional="false" type="data" size="38774"/>
    <uses file="H1-TRIGBANK_H1-744861457-449.xml" link="output" register="false" transfer="false" optional="false" type="data" size="17133"/>
  </job>
  <job id="ID00028" namespace="LIGO" name="TrigBank" version="1.0" level="3" runtime="4.82">
    <uses file="H1-THINCA-847629615-2048.xml" link="input" register="false" transfer="false" optional="false" type="data" size="31080"/>
    <uses file="H1-TRIGBANK_H1-827629927-993.xml" link="output" register="false" transfer="false" optional="false" type="data" size="13585"/>
  </job>
  <job id="ID00029" namespace="LIGO" name="TrigBank" version="1.0" level="3" runtime="4.88">
    <uses file="H1-THINCA-847629615-2048.xml" link="input" register="false" transfer="false" optional="false" type="data" size="36636"/>
    <uses file="H1-TRIGBANK_H1-861507775-1415.xml" link="output" register="false" transfer="false" optional="false" type="data" size="14412"/>
  </job>
  <job id="ID00030" namespace="LIGO" name="TrigBank" version="1.0" level="3" runtime="4.86">
    <uses file="H1-THINCA-847629615-2048.xml" link="input" register="false" transfer="false" optional="false" type="data" size="38772"/>
    <uses file="H1-TRIGBANK_H1-778783100-4671.xml" link="output" register="false" transfer="false" optional="false" type="data" size="12938"/>
  </job>
  <job id="ID00031" namespace="LIGO" name="TrigBank" version="1.0" level="3" runtime="5.14">
    <uses file="H1-THINCA-847629615-2048.xml" link="input" register="false" transfer="false" optional="false" type="data" size="26967"/>
    <uses file="H1-TRIGBANK_H1-804762457-1727.xml" link="output" register="false" transfer="false" optional="false" type="data" size="8325"/>
  </job>
  <job id="ID00032" namespace="LIGO" name="TrigBank" version="1.0" level="3" runtime="5.31">
    <uses file="H1-THINCA-785648543-2048.xml" link="input" register="false" transfer="false" optional="false" type="data" size="25041"/>
    <uses file="H1-TRIGBANK_H1-864484659-2943.xml" link="output" register="false" transfer="false" optional="false" type="data" size="13166"/>
  </job>
  <job id="ID00033" namespace="LIGO" name="TrigBank" version="1.0" level="3" runtime="5.03">
    <uses file="H1-THINCA-785648543-2048.xml" link="input" register="false" transfer="false" optional="false" type="data" size="47966"/>
    <uses file="H1-TRIGBANK_H1-745166728-9721.xml" link="output" register="false" transfer="false" optional="false" type="data" size="14763"/>
  </job>
  <job id="ID00034" namespace="LIGO" name="TrigBank" version="1.0" level="3" runtime="4.96">
    <uses file="H1-THINCA-785648543-2048.xml" link="input" register="false" transfer="false" optional="false" type="data" size="20582"/>
    <uses file="H1-TRIGBANK_H1-830829818-1581.xml" link="output" register="false" transfer="false" optional="false" type="data" size="6543"/>
  </job>
  <job id="ID00035" namespace="LIGO" name="TrigBank" version="1.0" level="3" runtime="5.33">
    <uses file="H1-THINCA-785648543-2048.xml" link="input" register="false" transfer="false" optional="false" type="data" size="19381"/>
    <uses file="H1-TRIGBANK_H1-863025884-7769.xml" link="output" register="false" transfer="false" optional="false" type="data" size="10012"/>
  </job>
  <job id="ID00036" namespace="LIGO" name="Inspiral" version="1.0" level="4" runtime="337.93">
    <uses file="HL-INJECTIONS_100-731815779-7202535.xml" link="input" register="true" transfer="true" optional="false" type="data" size="2421423"/>
    <uses file="H-H1_RDS_L4-875788853-1024.gwf" link="input" register="true" transfer="true" optional="false" type="data" size="15609730"/>
    <uses file="H-CAL_FAC_DARM_ERR_H1_S5_U_060-809009951-315557569.gwf" link="input" register="true" transfer="true" optional="false" type="data" size="8415922"/>
    <uses file="H-H1_RDS_L4-784721292-1024.gwf" link="input" register="true" transfer="true" optional="false" type="data" size="15601911"/>
    <uses file="H-CAL_REF_DARM_ERR_H1_S5_V1-857419168-8.gwf" link="input" register="true" transfer="true" optional="false" type="data" size="902334"/>
    <uses file="H1-TRIGBANK_H1-877190773-4992.xml" link="input" register="false" transfer="false" optional="false" type="data" size="7544"/>
    <uses file="H1-INSPIRAL_H1-877190773-4992.xml" link="output" register="false" transfer="false" optional="false" type="data" size="185173"/>
  </job>
  <job id="ID00037" namespace="LIGO" name="Inspiral" version="1.0" level="4" runtime="539.89">
    <uses file="HL-INJECTIONS_100-731815779-7202535.xml" link="input" register="true" transfer="true" optional="false" type="data" size="2421423"/>
    <uses file="H-H1_RDS_L4-784721293-1024.gwf" link="input" register="true" transfer="true" optional="false" type="data" size="15614977"/>
    <uses file="H-H1_RDS_L4-875788854-1024.gwf" link="input" register="true" transfer="true" optional="false" type="data" size="15598531"/>
    <uses file="H-CAL_FAC_DARM_ERR_H1_S5_U_060-809009951-315557569.gwf" link="input" register="true" transfer="true" optional="false" type="data" size="8415922"/>
    <uses file="H-CAL_REF_DARM_ERR_H1_S5_V1-857419168-8.gwf" link="input" register="true" transfer="true" optional="false" type="data" size="902334"/>
    <uses file="H1-TRIGBANK_H1-849450734-9917.xml" link="input" register="false" transfer="false" optional="false" type="data" size="14811"/>
    <uses file="H1-INSPIRAL_H1-849450734-9917.xml" link="output" register="false" transfer="false" optional="false" type="data" size="199196"/>
  </job>
  <job id="ID00038" namespace="LIGO" name="Inspiral" version="1.0" level="4" runtime="585.75">
    <uses file="HL-INJECTIONS_100-731815779-7202535.xml" link="input" register="true" transfer="true" optional="false" type="data" size="2421423"/>
    <uses file="H-H1_RDS_L4-875788855-1024.gwf" link="input" register="true" transfer="true" optional="false" type="data" size="15574195"/>
    <uses file="H-H1_RDS_L4-784721294-1024.gwf" link="input" register="true" transfer="true" optional="false" type="data" size="15592196"/>
    <uses file="H-CAL_FAC_DARM_ERR_H1_S5_U_060-809009951-315557569.gwf" link="input" register="true" transfer="true" optional="false" type="data" size="8415922"/>
    <uses file="H-CAL_REF_DARM_ERR_H1_S5_V1-857419168-8.gwf" link="input" register="true" transfer="true" optional="false" type="data" size="902334"/>
    <uses file="H1-TRIGBANK_H1-812843312-3273.xml" link="input" register="false" transfer="false" optional="false" type="data" size="11227"/>
    <uses file="H1-INSPIRAL_H1-812843312-3273.xml" link="output" register="false" transfer="false" optional="false" type="data" size="379759"/>
  </job>
  <job id="ID00039" namespace="LIGO" name="Inspiral" version="1.0" level="4" runtime="506.75">
    <uses file="HL-INJECTIONS_100-731815779-7202535.xml" link="input" register="true" transfer="true" optional="false" type="data" size="2421423"/>
    <uses file="H-H1_RDS_L4-784721295-1024.gwf" link="input" register="true" transfer="true" optional="false" type="data" size="15597318"/>
    <uses file="H-H1_RDS_L4-875788856-1024.gwf" link="input" register="true" transfer="true" optional="false" type="data" size="15558808"/>
    <uses file="H-CAL_FAC_DARM_ERR_H1_S5_U_060-809009951-315557569.gwf" link="input" register="true" transfer="true" optional="false" type="data" size="8415922"/>
    <uses file="H-CAL_REF_DARM_ERR_H1_S5_V1-857419168-8.gwf" link="input" register="true" transfer="true" optional="false" type="data" size="902334"/>
    <uses file="H1-TRIGBANK_H1-744861457-449.xml" link="input" register="false" transfer="false" optional="false" type="data" size="17133"/>
    <uses file="H1-INSPIRAL_H1-744861457-449.xml" link="output" register="false" transfer="false" optional="false" type="data" size="399146"/>
  </job>
  <job id="ID00040" namespace="LIGO" name="Inspiral" version="1.0" level="4" runtime="613.56">
    <uses file="HL-INJECTIONS_100-731815779-7202535.xml" link="input" register="true" transfer="true" optional="false" type="data" size="2421423"/>
    <uses file="H-CAL_FAC_DARM_ERR_H1_S5_U_060-809009951-315557569.gwf" link="input" register="true" transfer="true" optional="false" type="data" size="8415922"/>
    <uses file="H-H1_RDS_L4-784721296-1024.gwf" link="input" register="true" transfer="true" optional="false" type="data" size="15615733"/>
    <uses file="H-CAL_REF_DARM_ERR_H1_S5_V1-857419168-8.gwf" link="input" register="true" transfer="true" optional="false" type="data" size="902334"/>
    <uses file="H-H1_RDS_L4-875788857-1024.gwf" link="input" register="true" transfer="true" optional="false" type="data" size="15606809"/>
    <uses file="H1-TRIGBANK_H1-827629927-993.xml" link="input" register="false" transfer="false" optional="false" type="data" size="13585"/>
    <uses file="H1-INSPIRAL_H1-827629927-993.xml" link="output" register="false" transfer="false" optional="false" type="data" size="317005"/>
  </job>
  <job id="ID00041" namespace="LIGO" name="Inspiral" version="1.0" level="4" runtime="390.92">
    <uses file="HL-INJECTIONS_100-731815779-7202535.xml" link="input" register="true" transfer="true" optional="false" type="data" size="2421423"/>
    <uses file="H-H1_RDS_L4-875788858-1024.gwf" link="input" register="true" transfer="true" optional="false" type="data" size="15583252"/>
    <uses file="H-CAL_FAC_DARM_ERR_H1_S5_U_060-809009951-315557569.gwf" link="input" register="true" transfer="true" optional="false" type="data" size="8415922"/>
    <uses file="H-H1_RDS_L4-784721297-1024.gwf" link="input" register="true" transfer="true" optional="false" type="data" size="15590808"/>
    <uses file="H-CAL_REF_DARM_ERR_H1_S5_V1-857419168-8.gwf" link="input" register="true" transfer="true" optional="false" type="data" size="902334"/>
    <uses file="H1-TRIGBANK_H1-861507775-1415.xml" link="input" register="false" transfer="false" optional="false" type="data" size="14412"/>
    <uses file="H1-INSPIRAL_H1-861507775-1415.xml" link="output" register="false" transfer="false" optional="false" type="data" size="175687"/>
  </job>
  <job id="ID00042" namespace="LIGO" name="Inspiral" version="1.0" level="4" runtime="605.28">
    <uses file="HL-INJECTIONS_100-731815779-7202535.xml" link="input" register="true" transfer="true" optional="false" type="data" size="2421423"/>
    <uses file="H-CAL_FAC_DARM_ERR_H1_S5_U_060-809009951-315557569.gwf" link="input" register="true" transfer="true" optional="false" type="data" size="8415922"/>
    <uses file="H-H1_RDS_L4-784721298-1024.gwf" link="input" register="true" transfer="true" optional="false" type="data" size="15572345"/>
    <uses file="H-CAL_REF_DARM_ERR_H1_S5_V1-857419168-8.gwf" link="input" register="true" transfer="true" optional="false" type="data" size="902334"/>
    <uses file="H-H1_RDS_L4-875788859-1024.gwf" link="input" register="true" transfer="true" optional="false" type="data" size="15622124"/>
    <uses file="H1-TRIGBANK_H1-778783100-4671.xml" link="input" register="false" transfer="false" optional="false" type="data" size="12938"/>
    <uses file="H1-INSPIRAL_H1-778783100-4671.xml" link="output" register="false" transfer="false" optional="false" type="data" size="261420"/>
  </job>
  <job id="ID00043" namespace="LIGO" name="Inspiral" version="1.0" level="4" runtime="329.18">
    <uses file="HL-INJECTIONS_100-731815779-7202535.xml" link="input" register="true" transfer="true" optional="false" type="data" size="2421423"/>
    <uses file="H-H1_RDS_L4-784721299-1024.gwf" link="input" register="true" transfer="true" optional="false" type="data" size="15595184"/>
    <uses file="H-CAL_FAC_DARM_ERR_H1_S5_U_060-809009951-315557569.gwf" link="input" register="true" transfer="true" optional="false" type="data" size="8415922"/>
    <uses file="H-H1_RDS_L4-875788860-1024.gwf" link="input" register="true" transfer="true" optional="false" type="data" size="15570923"/>
    <uses file="H-CAL_REF_DARM_ERR_H1_S5_V1-857419168-8.gwf" link="input" register="true" transfer="true" optional="false" type="data" size="902334"/>
    <uses file="H1-TRIGBANK_H1-804762457-1727.xml" link="input" register="false" transfer="false" optional="false" type="data" size="8325"/>
    <uses file="H1-INSPIRAL_H1-804762457-1727.xml" link="output" register="false" transfer="false" optional="false" type="data" size="428791"/>
  </job>
  <job id="ID00044" namespace="LIGO" name="Inspiral" version="1.0" level="4" runtime="666.84">
    <uses file="HL-INJECTIONS_100-731815779-7202535.xml" link="input" register="true" transfer="true" optional="false" type="data" size="2421423"/>
    <uses file="H-H1_RDS_L4-784721300-1024.gwf" link="input" register="true" transfer="true" optional="false" type="data" size="15601281"/>
    <uses file="H-CAL_FAC_DARM_ERR_H1_S5_U_060-809009951-315557569.gwf" link="input" register="true" transfer="true" optional="false" type="data" size="8415922"/>
    <uses file="H-CAL_REF_DARM_ERR_H1_S5_V1-857419168-8.gwf" link="input" register="true" transfer="true" optional="false" type="data" size="902334"/>
    <uses file="H-H1_RDS_L4-875788861-1024.gwf" link="input" register="true" transfer="true" optional="false" type="data" size="15622388"/>
    <uses file="H1-TRIGBANK_H1-864484659-2943.xml" link="input" register="false" transfer="false" optional="false" type="data" size="13166"/>
    <uses file="H1-INSPIRAL_H1-864484659-2943.xml" link="output" register="false" transfer="false" optional="false" type="data" size="293155"/>
  </job>
  <job id="ID00045" namespace="LIGO" name="Inspiral" version="1.0" level="4" runtime="334.87">
    <uses file="HL-INJECTIONS_100-731815779-7202535.xml" link="input" register="true" transfer="true" optional="false" type="data" size="2421423"/>
    <uses file="H-CAL_FAC_DARM_ERR_H1_S5_U_060-809009951-315557569.gwf" link="input" register="true" transfer="true" optional="false" type="data" size="8415922"/>
    <uses file="H-H1_RDS_L4-875788862-1024.gwf" link="input" register="true" transfer="true" optional="false" type="data" size="15638809"/>
    <uses file="H-H1_RDS_L4-784721301-1024.gwf" link="input" register="true" transfer="true" optional="false" type="data" size="15599212"/>
    <uses file="H-CAL_REF_DARM_ERR_H1_S5_V1-857419168-8.gwf" link="input" register="true" transfer="true" optional="false" type="data" size="902334"/>
    <uses file="H1-TRIGBANK_H1-745166728-9721.xml" link="input" register="false" transfer="false" optional="false" type="data" size="14763"/>
    <uses file="H1-INSPIRAL_H1-745166728-9721.xml" link="output" register="false" transfer="false" optional="false" type="data" size="372949"/>
  </job>
  <job id="ID00046" namespace="LIGO" name="Inspiral" version="1.0" level="4" runtime="531.23">
    <uses file="HL-INJECTIONS_100-731815779-7202535.xml" link="input" register="true" transfer="true" optional="false" type="data" size="2421423"/>
    <uses file="H-H1_RDS_L4-875788863-1024.gwf" link="input" register="true" transfer="true" optional="false" type="data" size="15608110"/>
    <uses file="H-CAL_FAC_DARM_ERR_H1_S5_U_060-809009951-315557569.gwf" link="input" register="true" transfer="true" optional="false" type="data" size="8415922"/>
    <uses file="H-H1_RDS_L4-784721302-1024.gwf" link="input" register="true" transfer="true" optional="false" type="data" size="15590849"/>
    <uses file="H-CAL_REF_DARM_ERR_H1_S5_V1-857419168-8.gwf" link="input" register="true" transfer="true" optional="false" type="data" size="902334"/>
    <uses file="H1-TRIGBANK_H1-830829818-1581.xml" link="input" register="false" transfer="false" optional="false" type="data" size="6543"/>
    <uses file="H1-INSPIRAL_H1-830829818-1581.xml" link="output" register="false" transfer="false" optional="false" type="data" size="235594"/>
  </job>
  <job id="ID00047" namespace="LIGO" name="Inspiral" version="1.0" level="4" runtime="493.33">
    <uses file="HL-INJECTIONS_100-731815779-7202535.xml" link="input" register="true" transfer="true" optional="false" type="data" size="2421423"/>
    <uses file="H-CAL_FAC_DARM_ERR_H1_S5_U_060-809009951-315557569.gwf" link="input" register="true" transfer="true" optional="false" type="data" size="8415922"/>
    <uses file="H-H2_RDS_L4-784721303-1024.gwf" link="input" register="true" transfer="true" optional="false" type="data" size="15602219"/>
    <uses file="H-CAL_REF_DARM_ERR_H1_S5_V1-857419168-8.gwf" link="input" register="true" transfer="true" optional="false" type="data" size="902334"/>
    <uses file="H-H2_RDS_L4-875788864-1024.gwf" link="input" register="true" transfer="true" optional="false" type="data" size="15590344"/>
    <uses file="H1-TRIGBANK_H1-863025884-7769.xml" link="input" register="false" transfer="false" optional="false" type="data" size="10012"/>
    <uses file="H1-INSPIRAL_H1-863025884-7769.xml" link="output" register="false" transfer="false" optional="false" type="data" size="351347"/>
  </job>
  <job id="ID00048" namespace="LIGO" name="Thinca" version="1.0" level="5" runtime="5.23">
    <uses file="H1-INSPIRAL_H1-877190773-4992.xml" link="input" register="false" transfer="false" optional="false" type="data" size="185173"/>
    <uses file="H1-INSPIRAL_H1-849450734-9917.xml" link="input" register="false" transfer="false" optional="false" type="data" size="199196"/>
    <uses file="H1-INSPIRAL_H1-812843312-3273.xml" link="input" register="false" transfer="false" optional="false" type="data" size="379759"/>
    <uses file="H1-INSPIRAL_H1-744861457-449.xml" link="input" register="false" transfer="false" optional="false" type="data" size="399146"/>
    <uses file="H1-INSPIRAL_H1-827629927-993.xml" link="input" register="false" transfer="false" optional="false" type="data" size="317005"/>
    <uses file="H1-INSPIRAL_H1-861507775-1415.xml" link="input" register="false" transfer="false" optional="false" type="data" size="175687"/>
    <uses file="H1-INSPIRAL_H1-778783100-4671.xml" link="input" register="false" transfer="false" optional="false" type="data" size="261420"/>
    <uses file="H1-INSPIRAL_H1-804762457-1727.xml" link="input" register="false" transfer="false" optional="false" type="data" size="428791"/>
    <uses file="H1-THINCA_H1-827629927-993.xml" link="output" register="true" transfer="true" optional="false" type="data" size="34179"/>
  </job>
  <job id="ID00049" namespace="LIGO" name="Thinca" version="1.0" level="5" runtime="5.79">
    <uses file="H1-INSPIRAL_H1-864484659-2943.xml" link="input" register="false" transfer="false" optional="false" type="data" size="293155"/>
    <uses file="H1-INSPIRAL_H1-745166728-9721.xml" link="input" register="false" transfer="false" optional="false" type="data" size="372949"/>
    <uses file="H1-INSPIRAL_H1-830829818-1581.xml" link="input" register="false" transfer="false" optional="false" type="data" size="235594"/>
    <uses file="H1-INSPIRAL_H1-863025884-7769.xml" link="input" register="false" transfer="false" optional="false" type="data" size="351347"/>
    <uses file="H1-THINCA_H1-864484659-2943.xml" link="output" register="true" transfer="true" optional="false" type="data" size="43868"/>
  </job>
<!-- part 3: list of control-flow dependencies (may be empty) -->
  <child ref="ID00011">
    <parent ref="ID00000"/>
  </child>
  <child ref="ID00012">
    <parent ref="ID00001"/>
  </child>
  <child ref="ID00013">
    <parent ref="ID00002"/>
  </child>
  <child ref="ID00014">
    <parent ref="ID00003"/>
  </child>
  <child ref="ID00015">
    <parent ref="ID00004"/>
  </child>
  <child ref="ID00016">
    <parent ref="ID00005"/>
  </child>
  <child ref="ID00017">
    <parent ref="ID00006"/>
  </child>
  <child ref="ID00018">
    <parent ref="ID00007"/>
  </child>
  <child ref="ID00019">
    <parent ref="ID00008"/>
  </child>
  <child ref="ID00020">
    <parent ref="ID00009"/>
  </child>
  <child ref="ID00021">
    <parent ref="ID00010"/>
  </child>
  <child ref="ID00022">
    <parent ref="ID00012"/>
    <parent ref="ID00013"/>
    <parent ref="ID00011"/>
    <parent ref="ID00016"/>
    <parent ref="ID00017"/>
    <parent ref="ID00014"/>
    <parent ref="ID00015"/>
    <parent ref="ID00018"/>
  </child>
  <child ref="ID00023">
    <parent ref="ID00020"/>
    <parent ref="ID00021"/>
    <parent ref="ID00018"/>
    <parent ref="ID00019"/>
  </child>
  <child ref="ID00024">
    <parent ref="ID00022"/>
  </child>
  <child ref="ID00025">
    <parent ref="ID00022"/>
  </child>
  <child ref="ID00026">
    <parent ref="ID00022"/>
  </child>
  <child ref="ID00027">
    <parent ref="ID00022"/>
  </child>
  <child ref="ID00028">
    <parent ref="ID00022"/>
  </child>
  <child ref="ID00029">
    <parent ref="ID00022"/>
  </child>
  <child ref="ID00030">
    <parent ref="ID00022"/>
  </child>
  <child ref="ID00031">
    <parent ref="ID00022"/>
  </child>
  <child ref="ID00032">
    <parent ref="ID00023"/>
  </child>
  <child ref="ID00033">
    <parent ref="ID00023"/>
  </child>
  <child ref="ID00034">
    <parent ref="ID00023"/>
  </child>
  <child ref="ID00035">
    <parent ref="ID00023"/>
  </child>
  <child ref="ID00036">
    <parent ref="ID00024"/>
  </child>
  <child ref="ID00037">
    <parent ref="ID00025"/>
  </child>
  <child ref="ID00038">
    <parent ref="ID00026"/>
  </child>
  <child ref="ID00039">
    <parent ref="ID00027"/>
  </child>
  <child ref="ID00040">
    <parent ref="ID00028"/>
  </child>
  <child ref="ID00041">
    <parent ref="ID00029"/>
  </child>
  <child ref="ID00042">
    <parent ref="ID00030"/>
  </child>
  <child ref="ID00043">
    <parent ref="ID00031"/>
  </child>
  <child ref="ID00044">
    <parent ref="ID00032"/>
  </child>
  <child ref="ID00045">
    <parent ref="ID00033"/>
  </child>
  <child ref="ID00046">
    <parent ref="ID00034"/>
  </child>
  <child ref="ID00047">
    <parent ref="ID00035"/>
  </child>
  <child ref="ID00048">
    <parent ref="ID00043"/>
    <parent ref="ID00040"/>
    <parent ref="ID00041"/>
    <parent ref="ID00042"/>
    <parent ref="ID00038"/>
    <parent ref="ID00039"/>
    <parent ref="ID00036"/>
    <parent ref="ID00037"/>
  </child>
  <child ref="ID00049">
    <parent ref="ID00044"/>
    <parent ref="ID00045"/>
    <parent ref="ID00046"/>
    <parent ref="ID00047"/>
  </child>
</adag>
